Consulta,Iteracion,Tiempo,Manager,Worker1,Worker2
1,36,3852.397,0.005498815974468238,0.01462199666675416,0.007502432721970997
1,41,4358.370,0.001215710214540345,0.048455177478747315,0.020308347013661264
1,44,4445.418,0.002267112256660177,12.994379640987544,0.0497283847610293
1,50,4389.910,0.010892127041858346,0.028172569516650658,0.015383184130285393
1,55,4409.564,0.0006332059448656298,0.02807508581258639,0.017819336240376026
1,56,4401.507,0.0006332060196763683,0.05635298701035968,0.02855310196847722
1,58,4403.308,0.0016479829322872158,0.02012517791956192,0.01433366701263206
1,59,4430.857,0.011842144781161489,0.024481567758482387,10.695064831013774
1,60,4430.887,0.035526435741200985,1.8951283110462238,0.04665676015918516
1,62,4392.638,0.00168831475949675,5.667766257746468,0.026377661062316697
1,63,4406.752,0.002871080043081444,0.03051620059591736,10.929553932287519
1,64,4422.986,0.008599034246101422,0.038843825534326956,16.376274781728426
1,66,4393.591,0.0033507513950316796,5.569704971667411,0.018536702264816587
1,68,4430.587,0.0010092950462777586,0.019073338984663343,0.02648143707480863
1,75,4415.695,0.0023254409423442333,16.58665978139328,5.751619468997066
1,78,4427.610,0.0009974632191999387,0.024883505429527636,0.015996368146781084
1,79,4403.083,0.0030851512559359026,5.382505536519985,23.20820055711701
1,80,4417.814,0.0061672496392481116,5.141545255074411,5.077113326337286
1,87,4000.247,0.003325975631751089,0.024392112887464477,0.03331117404521115
1,88,4174.623,0.0016621670521712094,0.029950594991574774,0.027744605192447775
1,89,4186.417,0.0010629916440067057,0.05553232238413336,0.04303281807545056
1,90,4140.267,0.0010640425993370549,0.023598187280794537,0.02011127730200544
1,91,4277.796,0.0034000715159888655,0.023688094767943875,0.035615760517272395
1,92,4443.912,0.0034017496132459995,0.020391772058477982,0.026470651927017436
1,96,4413.528,0.0010141041384349604,14.705074975230303,19.11626677032431
1,98,4438.809,0.0016903768161891462,0.023919586175362644,0.02232833865498684
1,105,4415.989,0.008396786308557117,0.03312718087708712,19.25552592026871
1,106,4414.009,0.0015702453062075136,5.775192835625097,0.039135454207011866
1,109,4406.123,0.010986788592117777,0.027583225171223268,0.041703023542214404
1,110,4410.006,0.0036628655970863794,0.030939597334499698,0.023441395944452464
2,30,371.116,0.00157224302742969,0.0200198483138488,0.0231893610411208
2,46,365.176,0.0024410982210759,0.000334379350294213,0.00743924917816161
2,51,355.841,0.00237869638773049,0.0114968587189083,0.00724907953098288
2,56,367.27,0.00229159290950636,0.0164479322814736,0.007481907479307
2,74,356.171,0.001498949939816,0.0192722052107838,0.021410789312952
2,79,369.72,0.00155597106937053,0.0182221370296829,0.0222252710770518
2,120,378.472,0.000818307879899955,0.00360954671707762,0.0146792039222245
2,125,353.373,0.000764040432169056,0.0176229917855617,0.0193812177600549
2,129,425.625,0.00281710939305939,0.0212262563317788,0.0233439759379561
2,150,348.331,0.00220315837138706,0.017690293444952,0.022563348423631
2,155,361.376,0.00228566667801134,0.0187234791587844,0.0234083460844371
2,159,372.077,0.0023533494215289,0.0203560962640187,0.0219343883764047
2,164,368.767,0.00233241400604968,0.0201750082670882,0.0217392598800829
2,169,361.127,0.000586544127182683,0.018792522822914,0.0217720414280297
2,174,361.829,0.000587684318797495,0.0188290538799152,0.0218143644143544
2,183,361.416,0.002459266916468,0.0194770867632688,0.0222009280738341
2,188,361.799,0.00246187305241386,0.0194977270343978,0.021335742475643
2,192,374.739,0.00254992370290829,0.0195787958112069,0.0220988305649822
2,197,368.563,0.00250789891021481,0.0198008513706339,0.0230635416906955
2,206,356.709,0.000664976202155803,0.000345442647465143,0.000655590437847089
2,210,367.414,0.00238086048213539,0.000355809539080197,0.00452584656051577
2,215,366.732,0.00237644108916502,0.000355149079474268,0.0248806090603884
2,220,378.213,0.00245083852419851,0.0158019787872565,0.0200284903444001
2,227,373.341,0.000786517278910273,0.0230845473021802,0.0197704907384693
2,231,378.272,0.000796905413892251,0.0233894425661535,0.0210983561936822
2,236,345.676,0.00108915213401428,0.0194693647364196,0.0192802940096208
2,250,384.366,0.00242143381279977,0.0216484854206791,0.0214382528358981
2,255,385.858,0.00243083313336584,0.0183341739679147,0.02152147006435
2,269,370.523,0.00119196032382301,0.0227722843943914,0.0208223449078287
2,273,364.884,0.00117381984599562,0.0172287620495833,0.0205054490526854
3,2,3261.483,0.006077351206772897,0.11213875926192621,0.050535763088076606
3,3,3664.490,0.012662426833518363,0.37530512296724816,0.35043483868103775
3,4,3555.367,0.012707465237857504,0.37697480647004855,0.26080360428191623
3,10,4482.223,0.2895360596553804,0.17157774711065274,0.6278615932966991
3,11,3726.880,0.010965087700090439,0.9671576233818441,0.1665307475480037
3,12,3133.871,0.011634128255348868,0.1593501672342998,0.22661536205803165
3,17,3584.079,0.012255012444850558,0.27284719469961255,0.8253466530741809
3,24,3189.948,0.0165381288427154,0.39261674300650123,0.3212904262609029
3,26,3340.769,0.01361152751385635,0.28832249212079913,0.31083714947971813
3,27,3903.415,0.03142653227014664,0.32200952819536643,0.28329087055902014
3,29,4011.924,0.01077669867786108,0.21729120327433493,0.2502007947038714
3,31,3672.803,0.009051000254462161,0.27674612446903923,0.22796918301945698
3,32,4296.236,0.0061317369183600135,0.2786565924594411,0.24176876942162667
3,33,3851.892,0.07321576674176959,0.2740754333790346,0.31932522487577825
3,34,3488.310,0.07153327567755825,0.28673675097934237,0.23515818642474723
3,35,4150.193,0.009297849754022921,0.2592654106255261,0.29001285555396933
3,36,3606.762,0.09364409590558405,0.23702595864537254,0.2742830422596439
3,43,3488.529,0.016028409322030347,0.23769676543509524,0.26711049122718683
3,46,3206.440,0.006429781712697866,0.25154310523043416,0.26884321474900585
3,48,3533.928,0.016308756675111478,0.2601849904993168,0.31984946883817733
3,54,3440.905,0.007014908384149695,0.07782857394427181,0.3066013769530673
3,60,3869.878,0.003230518142139256,0.2709465889987456,0.34049557424582044
3,63,3641.757,0.14254626824953023,0.2845197913396815,0.30066742327723595
3,64,4025.813,0.006470413606706293,0.3600519534852174,0.318640895479012
3,65,3953.775,0.011984557165138052,0.34889447913678606,0.29285173353494376
3,69,3815.328,0.013661557552110548,0.20634566600291718,0.26003683419255375
3,70,3697.852,0.013083295769848945,0.2539791325010403,0.2364023165928233
3,71,3802.307,0.13079198263065747,0.17284302301840512,0.3256694671893803
3,72,4067.311,0.06938193822037789,0.32254140096608586,0.255102734488167
3,73,4010.824,0.12891930204028879,0.3223830333200983,0.26213037172499926
4,17,1092.071,0.00158098847827674,0.0503903298459352,0.0500962043048582
4,23,1180.341,0.00255798956777418,0.050967616096821,0.0382175657180832
4,24,1045.911,0.00226665804781861,0.0351719626178216,0.0338649359615281
4,26,1039.008,0.00225169813200924,0.0349398280882576,0.0488512724676896
4,28,1045.111,0.00226492431862152,0.0351450601661844,0.0503728282498478
4,30,1076.867,0.00233374469909991,0.0362129529839209,0.0519034212049523
4,31,1082.05,0.000830458982924718,0.0476231616263847,0.0553566919819375
4,33,1130.825,0.000867893146680693,0.0596621581097609,0.0578519765357188
4,35,1172.813,0.00489440333521307,0.0618774387187965,0.0600000443541538
4,36,1181.229,0.0049295251308183,0.0505926338658458,0.0457725587917417
4,38,1266.399,0.00528495803620057,0.0542405079244357,0.0490728916080649
4,70,1153.319,0.0051305125187861,0.0461600554643203,0.0534740791342982
4,72,1243.231,0.00571673393067238,0.049374130126231,0.0543208611997107
4,73,1236.332,0.00568501034319128,0.0491001407198047,0.0540194211443897
4,75,1226.112,0.00563801584195099,0.0414711568407108,0.0454353861949788
4,87,1207.003,0.0053633793632344,0.0556070179137428,0.0408433874997982
4,89,1082.688,0.00481097932318439,0.0331743390866595,0.0366367320755471
4,91,1173.731,0.00521553353503552,0.0359639620929796,0.0383941794575368
4,116,1223.107,0.00175256618850869,0.0480746920292497,0.043581881276838
4,117,1201.036,0.00172094108265403,0.0454370407247925,0.0526293148775766
4,119,1212.686,0.00173763414065805,0.0458777781585113,0.0531398170759484
4,120,1198.469,0.00175891969447541,0.0447030368158124,0.05251682911421
4,122,1040.477,0.00152704449339006,0.0388099163491138,0.0455936305455259
4,124,1141.757,0.00167568695861567,0.0425876724435188,0.0416369413736069
4,130,1221.364,0.00260178282330723,0.055455688911375,0.0503519939047764
4,132,1194.699,0.00504674891329357,0.0390699195991272,0.0492527017056688
4,133,1236.971,0.00522531788343814,0.0408609852163973,0.0384785588868962
4,135,1060.621,0.00448036524611332,0.0350355982486255,0.0351199892344053
4,137,1027.779,0.00140168485979055,0.0339507252188803,0.0340325030480707
4,139,1220.851,0.00166499642701412,0.0495242698704557,0.0404256317542392
5,1,4763.106,0.21997750447386205,0.22379685983376704,0.2283325519371225
5,2,4613.878,0.015982521863088243,0.2112741444480169,0.20143493888125785
5,3,4887.677,0.013163252507710133,0.2704675718834228,3.02742207821173
5,4,4830.123,0.09867197968891428,0.551854324288462,0.34790832395086246
5,5,4550.984,0.014423203928138686,0.22175789005812946,0.30084009138263584
5,6,4520.661,0.08561008941958421,0.3159942475965073,0.22229150743680573
5,7,4573.148,0.011298011325571358,0.23620055980057553,0.19126448488141629
5,8,4443.022,0.006129633276219744,0.257195741258859,0.19099202646872657
5,9,4230.919,0.04516602008918823,0.09921734754159628,0.0075274778944232085
5,10,4513.092,0.01797901486279334,0.655683695132788,0.4323389303248837
5,11,4479.837,0.00990988108554116,0.27814742521345454,0.22505187054135722
5,12,4666.000,0.0106103614580383,0.2224302688176237,3.8758902278844176
5,13,4573.327,0.0484877434598539,0.2022568263775748,0.2012364861477438
5,14,4615.571,0.04740881814316818,0.22629796771714136,0.23500594877787123
5,15,4667.994,0.023858478401698323,0.6016689317432378,5.053139969602208
5,16,4562.082,0.00481387898729019,0.2769538548413257,1.730580545156188
5,17,4642.656,0.006366882244744578,0.2764155777607156,9.346069950825964
5,18,4632.218,0.016088700913024157,0.29525225910782876,0.2658841255900423
5,19,4494.436,0.10794907881630166,0.2774581638324811,6.51712501384507
5,20,4731.247,0.012082518784415524,0.477902008705072,3.5679276098593093
5,21,4630.072,0.006075813682932513,0.3036098100598154,0.044484360807080674
5,22,4701.819,0.012261772458590428,0.30988832773926606,0.2953274729777795
5,23,4733.026,0.003281711139240323,0.4821279106427193,0.9077633717376267
5,24,4550.887,0.009518274808561324,0.3918261042404196,2.020853708711029
5,25,4635.671,0.02328455623847426,0.5687661302715232,2.326365884201167
5,26,4614.500,0.010104765422080096,0.26758203297372046,0.2529024944760707
5,27,4704.723,0.07240595190343704,0.3105184680456845,0.28393162981175757
5,28,4659.723,0.10806437772030075,8.919746427061371,0.2916524468922146
5,29,4517.938,0.2154086967618263,0.27012359313051243,1.1645917022676675
5,30,4622.219,0.033572854109644154,0.5836057565259083,1.0160906665319263
6,24,595.163,0.000841137771500735,0.00110014599049604,0.000543915615064477
6,27,661.524,0.000822417827477495,0.00122281287011609,0.000604562503616511
6,42,666.273,0.00356277755865323,0.0168566911220007,0.0230012793475135
6,65,631.456,0.00212967013780424,0.0424192960091601,0.0321091954529407
6,68,697.493,0.00235238878627726,0.0458369100994218,0.0354671411215635
6,71,679.718,0.00229244021234737,0.0485373836426262,0.0499059178157862
6,73,643.073,0.00216885002997546,0.0459206331319968,0.0472153868038673
6,76,693.791,0.000854923946165485,0.0495423100974247,0.0475739163688315
6,79,703.274,0.000866609372729807,0.0502194732872814,0.0482241748024601
6,90,691.54,0.00132388091094192,0.0212766345476106,0.0370212977148715
6,92,729.923,0.00139736114491926,0.0464740588851283,0.0390761151805133
6,95,722.075,0.00138233697077304,0.0459743782145227,0.0510575530146543
6,103,663.914,0.00326379767442437,0.0515966525748307,0.0465066283444714
6,106,673.474,0.00331079458331242,0.0435208714828732,0.0471762984628499
6,115,743.935,0.00374201482490418,0.0480741640012997,0.0501571509839648
6,118,720.42,0.00378657828621746,0.050646763814929,0.0485717363907706
6,120,684.778,0.00359924142261378,0.0481410699753748,0.0461687022878308
6,123,707.773,0.00372010476301461,0.0497576579850417,0.0476719518335266
6,133,747.816,0.0012110535212926,0.041750625002035,0.036367877327996
6,142,737.287,0.00116584270333228,0.00135802024299496,0.0250479053440198
6,145,660.782,0.00104486837987556,0.00121710450910798,0.0224487953660272
6,148,669.855,0.00105921515507617,0.0436010373547217,0.0497755559979406
6,158,712.156,0.00181015982026023,0.0355658654913785,0.0375441777740506
6,161,712.517,0.00181107741092171,0.0355838942342977,0.0375632093460326
6,164,746.467,0.00370813352187245,0.0479538550516255,0.0393530206169185
6,166,778.926,0.00386937615682679,0.0487570311096271,0.0547926327624016
6,179,708.832,0.00326758659317971,0.0282215151489309,0.0354105254386097
6,182,756.744,0.00366376101913891,0.0301290887824796,0.0441881451587842
6,193,663.99,0.000759901579250576,0.0189276207808104,0.0474270804121727
6,211,789.397,0.000949375483159976,0.0598144628738089,0.0479320782846588
7,1,19367.159,0.458089105176531,0.300361740776642,0.34917164352503594
7,2,19365.116,0.49404355240085174,4.139587897205108,0.881565220906379
7,3,20424.225,0.6520982652315765,0.7982707600987062,0.5559650245086608
7,4,19453.527,0.7898398212832296,0.21443497124450167,0.19728190883060187
7,5,19482.412,0.7390427612890541,0.9540033327697716,2.0034330158260185
7,6,19161.793,0.6797678879805403,0.617969647251393,0.2683365638013494
7,7,19119.972,0.5504381104014995,0.5196717905486996,0.7689531174993851
7,8,19386.658,0.8324031851809979,1.2502127216453243,0.3112181614930387
7,9,19312.966,0.7364930369043351,0.3374714990143561,0.24777161130271283
7,10,19106.533,0.5468148714629668,0.2593815881277377,4.197592999801729
7,11,19769.541,0.7740886671680307,0.4414323652474741,0.38112098406759426
7,12,19417.567,0.5294932728144361,0.5353219830332632,0.4238759816133359
7,13,19885.845,0.6614988430437675,2.4073215797885474,0.1849750876888145
7,14,18986.312,0.5216143961448865,0.3419408710449928,0.3423048445510796
7,15,19241.176,0.7493015616120937,0.2605899433116389,1.1921369051669954
7,16,18942.177,0.6850922310742016,0.5836441932304779,0.3289965963902515
7,17,19810.639,0.543010336708092,0.48949142315499994,0.22311257282332433
7,18,19640.813,0.6309285318514548,0.9758907530549489,1.0589233159591322
7,19,19630.204,0.5485153356905956,3.0174889141086645,0.7363430239002711
7,20,19275.059,0.7050412414258859,1.0143316631549255,7.03522029463508
7,21,20308.191,0.5708657835610003,0.3553290476593154,12.438583019538916
7,22,19360.369,0.6096978649761366,0.34415228984553947,14.246000331503181
7,23,19209.601,0.5871387482780179,0.24470675174795234,0.5438415330412427
7,24,22355.369,0.5475042763745657,0.6641833746409095,0.5589010821564075
7,25,19437.196,0.48825386552743744,0.22511457472519852,0.7745875388219948
7,26,19665.875,0.4969770105479118,0.9671408065375668,0.23844933766503676
7,27,19922.608,0.59537987828329,1.2152613479669345,0.2242522948636748
7,28,19598.345,0.6368979853586247,0.5823191625974506,6.112099187200636
7,29,18751.236,0.8296198633227051,1.2812685619397248,13.142441560488257
7,30,19151.863,0.6147489812887832,0.23733564076564695,0.4959192884393546
8,1,43467.078,2.1371543819524645,10.946116969489001,11.92151772216663
8,2,45519.131,4.6036217720209045,2.34490370481361,7.618092261863959
8,3,45753.599,1.7096207710250662,19.660025137185364,6.462483577855437
8,4,45789.146,2.3218334544866663,1.3522993257845666,4.4647797856393225
8,5,42893.481,1.950957706192142,8.322663458709094,1.0667675303967648
8,6,44933.719,2.395650336427294,6.677297618063371,4.63804090305007
8,7,45197.964,2.2857056498402097,6.832809977214226,18.139184688582542
8,8,44224.794,1.6837763272480524,4.024184014366211,12.652860938088386
8,9,48566.456,2.613314618572213,3.2006938246392025,18.086944589658767
8,10,44906.235,2.0437016621524395,8.358119866808787,2.371701051192578
8,11,46859.881,2.0278104587972194,17.12570614757578,9.986532458759692
8,12,46000.112,3.1422948566045426,10.296508082291627,6.2320581436667055
8,13,46922.701,3.8987182176849564,3.1406125773965283,10.4665763718042
8,14,44631.353,6.753672538868265,15.461961757826298,15.938525518404644
8,15,45313.869,2.189139091829653,8.985824227027308,4.678662719030178
8,16,45590.975,1.8745671274752058,21.81515781838119,20.290167966439476
8,17,45871.783,5.009180509316635,9.151538908554743,7.7056256524581155
8,18,43046.276,2.8951008747418654,13.077154189061897,2.680953633916646
8,19,43788.345,5.936324090238669,7.395270300555433,5.03463042179437
8,20,44653.338,1.4688363924378196,16.040133351300693,4.292237407855677
8,21,45716.023,2.4866398323592183,6.382843324688197,8.707096349748193
8,22,47183.391,2.4928795680676634,9.85026213743435,6.810586369472341
8,23,46558.060,3.730925320127139,19.418972698947798,4.960592782802604
8,24,46463.773,2.6192939249140736,6.7401576364624365,3.824771643220879
8,25,45479.062,4.912650171178807,9.801086553919612,3.2946121958528303
8,26,43697.058,2.645056405700934,3.839770992003115,8.48553278168825
8,27,45283.670,2.5464242782986486,12.705269107988366,42.58734976540959
8,28,43957.074,2.235254907612841,2.6860426711288667,13.46643063355391
8,29,43512.884,1.9059194699130508,31.14073228025361,11.614898780596508
8,30,45762.832,2.6288642974577607,4.725148926735169,8.05737814267195
9,1,88118.006,11.288174797578797,63.061038961643575,18.427986611582025
9,2,88367.382,4.696688934047661,52.26447138813567,20.459615872869776
9,3,85304.681,4.264598845240825,22.329561891791386,48.69445890662024
9,4,87756.235,6.079154411209632,51.14133488160924,13.350461498658282
9,5,86004.282,5.970645626862622,7.4776698019538355,7.13467238488545
9,6,83596.684,3.689378662957365,24.83063504120815,21.708263749290712
9,7,84371.277,8.483650737684396,45.000732233718075,23.47225795976882
9,8,82787.198,5.280428327804016,29.029385695657506,20.214598761203174
9,9,85653.976,4.449820927918283,70.22863186895972,53.29099097253604
9,10,85708.688,15.205695705231838,95.04420389676604,15.85002085828243
9,11,85387.666,12.610786227665358,40.92644452253421,18.280854312727815
9,12,88081.639,11.140807271313978,29.590900686183318,30.91936927129694
9,13,86844.519,9.601134010303861,46.178624373742004,28.830121107147043
9,14,90001.094,6.926423984707416,18.109411357885474,26.43549682847172
9,15,87905.753,8.807087526514975,22.5647202688284,69.78924223248399
9,16,89647.451,8.63843662757649,74.55385386561956,25.67187003572081
9,17,84646.686,6.631739948152771,59.50177593844238,7.085657830803788
9,18,84486.905,10.705385432054607,22.811041615884193,27.714728351113465
9,19,84500.877,5.708992434719948,15.374182948051981,28.23936980027808
9,20,88262.915,12.84819940849465,41.91942529120777,9.984459406910153
9,21,84526.929,6.769321405834075,42.7212117089585,57.110140310066704
9,22,88367.555,9.030411709256821,27.614919971298164,7.051556368557159
9,23,88020.756,6.212715333842385,12.162643658515236,14.491149284244345
9,24,86605.213,7.238044173006997,51.27524107553974,31.821656934085205
9,25,83259.621,9.23550062903912,82.89848831849409,19.434994362751866
9,26,81648.628,6.382245576222989,24.78538160246388,6.672038883239455
9,27,85795.768,5.537289825168441,18.14355865300872,17.450591051463924
9,28,84732.199,4.743362327218035,44.5673957876753,62.63509216068028
9,29,85859.688,7.233998920211793,18.400657447378585,31.40462296542372
9,30,83563.871,3.8239757405133807,46.55802781076882,9.058668400712396
10,1,4842.435,0.08895957143185944,0.1210668448874661,1.4457151116013238
10,2,3830.781,0.01412403081700331,0.001881248763952068,0.15948776814027749
10,3,4726.211,0.008919296433197044,0.30443261959819173,0.07860016194151774
10,4,4046.968,0.4919313873800872,0.4389530373349345,0.36499531555779813
10,5,4323.217,0.12446558536171594,0.2906606929870841,0.3408590944751743
10,6,4744.543,0.014924939839891752,2.9961598634084154,2.7728911717493463
10,7,4285.995,0.010634321882997297,0.29350681133241946,0.8195721973892965
10,8,4362.808,0.02744694512959369,0.2533682001427992,0.3003792206353234
10,9,4518.363,0.023395727608791432,0.32740728950566045,0.29745977607843965
10,10,4350.506,0.14439625111457483,0.3520766123384917,0.28944923441030307
10,11,4357.661,0.0807570549712421,0.30930275480163283,1.9644614412929757
10,12,4257.200,0.01571000033778596,0.23259529764435005,1.1110852421249375
10,13,4318.251,0.01404266970394854,0.7414845772575205,0.25343368968650387
10,14,4224.556,0.20602389291336792,0.2803494830009167,0.3401823057764193
10,15,5025.110,0.025282349068685723,0.0034735416234358855,0.516616524694703
10,16,4404.359,0.017517112300892472,0.3610081981348881,0.3099221502568369
10,17,4486.309,0.011833710840268057,0.26190160941437896,0.36983850899059095
10,18,5016.694,0.021937842720771355,0.47444159967002647,1.3395051426537847
10,19,4139.850,0.010881529845710478,0.2420879557777526,1.0593160543371787
10,20,4679.752,0.10553058376854516,0.32917535125321346,1.8554988768838394
10,21,4516.725,0.10467594221533966,0.3166395310320597,0.30255963867329044
10,22,4640.398,0.010036441224556237,0.23592398894052305,0.2089694452328438
10,23,4463.708,0.10276010780680231,0.25263812207197495,0.886249829759493
10,24,3927.337,0.06641485391230609,0.3196056870754562,1.5113605307446287
10,25,4710.714,0.073723305431252,0.32257227109253206,0.30398724989979486
10,26,4327.251,0.014645170450219215,0.29751047737326936,0.2629164224449424
10,27,4616.254,0.1557545978918145,0.3793346295478479,0.5288116619384189
10,28,4301.864,0.05334136949328505,0.3830987872250999,1.9656329010530447
10,29,4444.324,0.022782488343083707,0.2782868426182626,0.2741852211285104
10,30,4746.812,0.2997319222158836,0.8469857420674245,0.24861949340937362
11,10,411.811,0.000431149554446806,0.00859613821365821,0.00526650180352335
11,14,459.168,0.000480730428804065,0.00958466770263304,0.0218277108312769
11,18,560.068,0.000586368670724953,0.020737577151713,0.0165242061248784
11,21,591.355,0.00181649121424026,0.0218960375107152,0.0174472955301454
11,24,547.717,0.00168244644653386,0.0157697462468946,0.018491125287288
11,44,559.854,0.00110120624302299,0.0185262845704677,0.0177332700117658
11,66,408.411,0.000430912247871294,0.00646785943682138,0.000375267045254772
11,84,453.92,0.000927287718216118,0.0101662452594803,0.0117126237522065
11,94,436.63,0.00246003721983214,0.0114385321784306,0.0102573263932009
11,100,438.71,0.00247175624375916,0.0114930225866277,0.0162516566488216
11,126,427.843,0.00120201043113384,0.0135961153689386,0.0139741501161016
11,130,445.314,0.00125109461444954,0.0147084459272724,0.0145447855517133
11,135,494.693,0.00149444534320704,0.0163394037490403,0.0205555178897915
11,139,415.086,0.00125395617025192,0.0168145527125966,0.0197380600506053
11,142,480.401,0.00145126985286229,0.0156360136447023,0.0228439017128278
11,148,484.147,0.00102527157254321,0.0157579378436799,0.0186221349172252
11,160,870.39,0.000937464019972916,0.0191419861718223,0.0134233949018001
11,171,516.977,0.00107634158371378,0.010658376928153,0.0110842123724501
11,174,595.486,0.00123979663373686,0.0122769760423348,0.0127674795761143
11,187,674.439,0.00396596596268671,0.0130015103759327,0.0165163491909126
11,189,535.401,0.00314836796565505,0.0109330238186798,0.00921016324897912
11,207,538.794,0.00150990741149431,0.0136461990394891,0.0144358416742351
11,210,582.15,0.00163140755019806,0.0147442896001785,0.0155974736739013
11,213,579.613,0.00177312291802582,0.0146800342317758,0.0118266203388482
11,216,486.023,0.00148681710035431,0.0123096519184876,0.00991697821986052
11,222,577.203,0.00353464881280746,0.0141317620967825,0.0107257827861919
11,226,438.921,0.00268784395016357,0.00918902695452,0.00815617955259783
11,229,454.581,0.00278374192783965,0.0127060071189467,0.0156116409610421
11,248,539.977,0.00078986536711325,0.0110693989225449,0.0137117748505789
11,251,478.459,0.00069987831645355,0.00980829468492533,0.0102660628166182
12,13,768.004,0.00393603588305619,0.0415800833589354,0.0491514001017879
12,15,785.698,0.00402671798746554,0.0425380445088161,0.0502837963827982
12,17,883.405,0.00205635615491324,0.0613047665008803,0.0565369354937214
12,20,821.557,0.00191238876117076,0.0570127631744938,0.0433672869633799
12,23,792.608,0.00184500239327769,0.0507060508775189,0.0418391646416142
12,27,780.907,0.00351945473001507,0.0519578042147823,0.0482500131318993
12,30,889.574,0.00400920394105627,0.0591879849028895,0.057853084049993
12,37,766.456,0.00178013798605345,0.0439901932448887,0.0402107120314595
12,39,956.806,0.00222223677012621,0.0536891250734393,0.0501970765914451
12,41,849.355,0.00255926242646026,0.0496895560282985,0.0445598564268272
12,43,775.232,0.00233591622983281,0.045353160809002,0.0497342594446087
12,46,883.664,0.00223699764585397,0.0516967249715259,0.0566906095696007
12,48,896.123,0.00226853763579324,0.0524256100414396,0.0574899046689005
12,59,848.145,0.00203730390300693,0.0745373149990012,0.0344140188878376
12,70,792.538,0.000951667078394704,0.0535835925010229,0.0508556385470922
12,73,791.709,0.000950671628324185,0.0535275437081784,0.0420655765674803
12,86,790.272,0.00188868724269058,0.0395354989211246,0.0449268691178006
12,88,870.317,0.00207998842803078,0.0435399670170985,0.0531484115740132
12,90,857.404,0.00200809504260679,0.0520014554043762,0.052359842077318
12,102,819.198,0.00200913324431879,0.0524218956316233,0.0479604384288
12,117,1236.934,0.00287884759635178,0.0722565988229868,0.05147689473435
12,132,789.416,0.00729889476120936,0.0247654799159019,0.0491166190015525
12,134,876.478,0.00810386498692103,0.0274967802853374,0.0545335235024914
12,148,831.808,0.0019131971245228,0.0387842334626044,0.04418510860288
12,150,893.562,0.0020552341994581,0.0416636017221663,0.0414354062823648
12,156,806.244,0.00107867893051474,0.00150065450040582,0.00384144320954935
12,158,731.9,0.000979213624217656,0.0325930198855209,0.00348722258406782
12,161,790.879,0.00105812200014706,0.0352194766689997,0.0434431004910425
12,163,777.041,0.00103960805270626,0.0513710299396774,0.0552132315577701
12,170,927.739,0.00877158297388632,0.0607624198486911,0.0526182912528483
13,12,61.115,0.000346325663764505,0.00189576024736511,0.000289290147297505
13,14,73.996,0.000419319542107802,0.00229532316557357,0.00317936064953318
13,17,99.952,0.000249576283785587,0.00383754600208113,0.0042946031629026
13,32,69.976,0.000359297677418293,0.00346936124187185,0.00318463701782944
13,35,880.737,0.00452221845370349,0.0436663257700138,0.0415705619564207
13,37,760.682,0.00390578592451558,0.0326593658579591,0.0359039965507683
13,60,721.123,0.00118851521136113,0.000665716127289369,0.0353646306595787
13,63,798.477,0.00131600581374051,0.00073712669845454,0.039158152208664
13,65,856.877,0.00141225747724797,0.0351070100732967,0.042022149655035
13,68,861.091,0.00148390076875392,0.0352796613878365,0.0383615656805198
13,71,428.406,0.000738263427139282,0.01480606907901,0.0155177774066844
13,73,419.196,0.000722392019726798,0.01448776378866,0.0184219593989762
13,87,390.64,0.00104028954436218,0.0139555569409438,0.0234503592715412
13,103,396.736,0.00200122337852764,0.0127738715937489,0.0173117723865402
13,106,399.873,0.00201704709439522,0.0128748748684444,0.0174486569394333
13,109,401.464,0.0010496785200446,0.0129261009475138,0.0175180810145537
13,114,436.848,0.00210832376756003,0.0161041002439528,0.0181090218124977
13,116,458.363,0.00221215985209985,0.0204138304122163,0.0190009009198666
13,119,389.104,0.00193948920377168,0.0173292850180206,0.0137001266752056
13,122,384.824,0.00221433739841798,0.01333095515565,0.013549430351935
13,132,402.714,0.000662803725948584,0.0140465594024666,0.0178810041535861
13,141,376.658,0.000952320694348978,0.0126285239519443,0.0224165726790084
13,158,397.662,0.00101125246447325,0.0132055546716936,0.0171181912403048
13,161,401.099,0.00101999273817402,0.0133196905242684,0.0161994725187769
13,171,404.854,0.000993158815002678,0.0129302640307475,0.014688144707123
13,173,364.365,0.00089383410224044,0.0130324971422449,0.0125843582212631
13,177,400.88,0.000983410083038018,0.0143385546207324,0.0138455052591219
13,180,399.787,0.000651178801824415,0.0144944625864875,0.0138077554655472
13,182,407.612,0.000663924274099091,0.0102697900939992,0.0140780135942955
13,187,394.283,0.00208032599919724,0.0131708662472361,0.014993150471514
14,1,3276.786,0.0078232703383245,0.077574140517488,0.0905948374148173
14,2,3412.531,0.004980289687018692,0.18581750954022744,0.27419060520756217
14,3,3427.220,0.016736152758315144,0.32290092457139635,1.9076629076211071
14,4,3176.929,0.0204480467904368,0.619258056876229,2.92072745743358
14,5,3274.537,0.013407062357587797,0.40602564484844383,0.31170201169298245
14,6,3214.773,0.0206916266383771,0.54244546164475,0.630377277577722
14,7,3101.743,0.014004579454948325,0.3813805469251778,0.38858902993329364
14,8,3109.618,0.0212850069822938,0.431642263324709,0.551014107865598
14,9,3027.989,0.01713079275883893,0.3356024141810382,1.7456242777378723
14,10,3204.177,0.239360059902809,0.348231931133983,0.317259944464256
14,11,3097.648,0.08457296419606398,0.40303749160559327,0.42150081002065193
14,12,3212.067,0.0196161874844842,0.668085577491609,0.585351464281469
14,13,3858.361,0.0020531005423889575,0.0019318968169351398,0.01911133643591763
14,14,3267.396,0.0439075063975303,1.25278092683321,0.445152557650485
14,15,3568.283,0.027937753989100683,0.7971276031761234,0.33268105965909267
14,16,3830.082,0.022586988936708626,0.3143254353283829,0.3489776722741801
14,17,3216.564,0.0216210384265379,0.548681858367038,0.600838252837499
14,18,3185.609,0.013541460875273253,0.39944406080724604,0.3898413066696054
14,19,3120.653,0.0195202502179701,0.662241399605864,0.582922552211645
14,20,3354.304,0.013217092166412259,0.33763635526848196,0.38834692092467094
14,21,3248.954,0.013747697134394986,0.3460572771567412,1.5716731726703437
14,22,3207.81,0.0216620607358657,0.545918643207353,0.335969137005234
14,23,3291.689,0.02646849386835383,0.32896169701718647,0.2882813339216535
14,24,3156.335,0.0401265287728881,0.61566752458896,0.543497450158708
14,25,3296.241,0.009263340907762097,0.3735179682462565,0.3010688996028044
14,26,3108.993,0.0423718449460724,0.442171811528123,0.590181694783645
14,27,3257.988,0.01791934266000215,0.3491338689574976,1.2628745414160765
14,28,3428.819,0.004205651578584938,0.09690501956572757,0.13272063518019706
14,29,3444.410,0.013995711315919836,0.3130859446056946,1.335117576296473
14,30,3494.925,0.08304096437002716,0.19374408548020725,0.2751796299946247
15,9,2785.114,0.55066833942723,0.035756118491308116,0.02439891907865795
15,17,2934.705,0.007116051879698458,0.03626840073990528,0.027702155194327276
15,29,2908.909,0.006512388041607857,0.06853947392895518,0.04657557680102923
15,30,3106.590,0.0025343869707409694,0.04090488786762806,0.04106263335353041
15,35,2879.781,0.014775208481263288,0.035126819047568515,2.316205173981748
15,40,2660.528,0.0033671159917581578,0.04282763626490382,0.030127443151809565
15,42,2728.681,1.3343031153014073,0.05161642822290238,4.464337859326608
15,46,2976.701,0.007052366118242771,0.04337794315990128,0.05039831828130964
15,49,2961.866,0.005088419520523992,0.03333044854844008,0.03479958765371857
15,51,3006.394,0.017424123900957163,0.03414813176038814,0.024371672733279556
15,53,2702.392,0.8720099062795275,0.04810063691801302,0.041547475798268764
15,61,2778.909,0.007916454837897243,0.0462753092380582,0.037377762039268826
15,63,3186.048,0.01566656705945848,0.047979421162482036,0.039589946764093366
15,66,3005.145,0.003502328454533391,0.038067488269238725,0.019885942671192168
15,69,2960.173,0.0026207801356736113,0.05940289011256375,0.04545404953198541
15,73,3194.282,0.00485122402135069,0.036272232146917674,0.02689537286849003
15,78,3455.742,0.009961404249531274,0.050171352499242594,0.035274357670590874
15,90,2905.765,0.005153746461895792,0.05290275446450685,0.042708906035473185
15,92,3026.465,0.0026790677708566283,0.04666791871186211,0.06239826039240778
15,98,3162.670,0.005555814611565474,0.060822459688137466,0.03004056693966924
15,105,3672.798,0.011229655622696618,0.05853377306833852,0.04442352109720266
15,111,2737.517,0.0101339508966921,0.04927423917163827,0.04860299924980384
15,114,2690.617,0.46785301355674086,0.04833103209110378,0.1732181789858882
15,121,2812.798,0.015831088605097157,0.04088926675063705,0.03948583332743963
15,123,3287.888,0.003818989569916802,0.04400795631700877,0.030154824550049107
15,127,3112.926,0.002357802592164669,0.03977525037957308,0.04110043028059938
15,129,2962.484,0.02193080765467329,0.05547111164002675,0.03449388640887063
15,138,2819.283,0.00569400888601693,0.0553227521381623,0.0326031903398795
15,145,2780.229,0.004060168323881264,0.040889293320038274,0.021541248802976618
15,151,2916.444,0.04985363134508894,0.06600845249049116,0.04018545096171802
16,6,2085.526,0.00659345722077974,0.0082832393872476,0.00505938401029989
16,7,2092.897,0.0198520513675677,0.023347884518284,0.10864251348867
16,8,1871.073,0.0177479528655586,0.0208732662569057,0.0110211039921368
16,12,1934.227,0.00663865354918757,0.0133840418092784,0.0139952532390841
16,13,2052.417,0.00704430524517697,0.0181392609855957,0.0148504263807719
16,22,2010.254,0.0100848355610214,0.0108330976689142,0.0116834708008448
16,23,1962.91,0.00984732505001084,0.011247437838283,0.0114083104272824
16,24,2181.161,0.0109422242249551,0.0124980120141969,0.0126767716196268
16,25,1966.669,0.00986618281468828,0.0152364640453357,0.0131964486813649
16,26,2081.253,0.0105349719232347,0.011903195813985,0.0139653131296811
16,28,1836.345,0.00578496694634707,0.00475361482088558,0.0143356298847345
16,30,1969.379,0.00620405883416789,0.0105128253512625,0.0153741744861497
16,31,1909.244,0.00601461785912313,0.0101918161638495,0.00818962950395875
16,32,2223.966,0.00700607445757725,0.00721621001338574,0.00953961754987897
16,39,1974.146,0.009063831508913,0.00511595356184849,0.011325226483785
16,40,1798.274,0.0082563561878701,0.00722244180563052,0.00870966298428558
16,46,2343.289,0.0119471683894174,0.0115940849316656,0.0164910619494723
16,47,2158.286,0.011003937744991,0.0232600656620008,0.0249553330919177
16,58,1950.512,0.0100984906299304,0.00964417753157172,0.00569029714804083
16,63,2156.839,0.00693218591521243,0.0167223424878667,0.0145359164054662
16,64,2496.756,0.00802469575935993,0.009292023878895,0.0121244396478707
16,75,2090.352,0.0425351160789701,0.0123359727999246,0.0150609672589546
16,76,2033.629,0.0413808992823026,0.013163320987003,0.0163240050320986
16,77,2064.071,0.0420003423252332,0.0164567793888413,0.016568363939838
16,78,2179.303,0.0443451179879024,0.017375520848091,0.00883243641724101
16,79,1856.407,0.00892998953710638,0.0105635969596999,0.00752378021414238
16,80,2072.447,0.00996922012587084,0.0117929391713882,0.0208556059941093
16,87,1934.515,0.0215392064362374,0.0133482510256254,0.0112195757486457
16,113,1943.052,0.0039646115651218,0.0054995340516334,0.0112199481812366
16,114,2161.678,0.00441069698539687,0.00611832404365235,0.0124949538109441
17,3,29434.603,0.00813401984267071,139.852259493058,155.961553413414
17,4,29225.744,0.0153389546115499,119.716397919424,138.299104284905
17,5,29329.355,0.002901323075459,147.189225415705,137.964686363161
17,6,29431.394,0.047770875886291,146.354484276318,133.716981611308
17,7,29325.328,0.0491152759660732,148.447460579009,164.32103835625
17,10,29529.650,0.00386310350079789,167.535632821276,165.208473095849
17,11,29208.028,0.011646479919704,146.351927043171,123.424797584004
17,12,29240.081,0.022022263369306,134.78828771159,154.298722294196
17,15,29408.255,0.0200072243132698,120.763830906974,142.10091795206
17,16,29224.313,0.036245723666455,151.713655977409,154.174883632565
17,17,29329.619,0.00806284409515362,135.03599938204,153.300174124213
17,19,29218.078,0.0261516165406034,155.716657724484,168.113198218162
17,20,29123.921,0.00575191489867286,123.912715123452,138.326924660223
17,22,29421.029,0.0079922902001106,151.561150572179,169.130808312827
17,23,29130.756,0.00958230264660994,131.049993426063,142.806365697699
17,24,29431.427,0.0170193386159267,145.822164395328,119.818661367094
17,26,29337.474,0.00877609764210382,147.843547907299,151.85285181291
17,28,29320.412,0.016359790780833,122.360739739958,142.166166389979
17,29,29307.209,0.029671575520986,136.51287423277,166.881768754952
17,31,29244.148,0.0249496739383419,122.694513375485,154.919384923957
17,32,29145.215,0.0380615738586746,145.693962651291,155.538584981791
17,33,29218.520,0.00292839244352536,135.46456300775,138.514062766942
17,36,29323.069,0.00151641656748568,138.728063650254,160.245787357766
17,37,29330.071,0.0117946285880449,156.441917578016,143.286305732649
17,38,28919.028,0.0104306186084793,124.705795056986,143.935853397016
17,40,29231.055,0.0117424045358064,146.761474130139,140.709529382649
17,42,29015.856,0.0113096640145222,115.427066580051,130.004987835359
17,43,29539.980,0.0168802620960598,131.446298698622,169.624009881831
17,45,29185.250,0.0136246620501282,133.85823417769,143.544721303269
17,46,29135.719,0.0285237065040219,131.798152034889,166.878753128299
18,21,731.547,0.00184755648960378,0.0325947088147917,0.0346428230783026
18,34,655.467,0.00476434014471109,0.0275350533630723,0.0271947119943991
18,74,646.989,0.00324137808288133,0.0270051865187294,0.0190926257496027
18,87,772.555,0.00267960380499679,0.0305855160538401,0.0375926014543838
18,105,736.416,0.00396723528924481,0.0299720677774145,0.0323118112695949
18,109,661.752,0.00356500386619564,0.0246715784986059,0.0246912953641044
18,112,769.142,0.00414353746366229,0.0286753152685216,0.0286982318133349
18,137,698.201,0.00174178740473957,0.0236459531533115,0.0263964968469147
18,139,754.183,0.00188144452710424,0.0255418939345889,0.0295780397350626
18,163,747.397,0.0035576116089736,0.0243966311301251,0.0370266614284301
18,166,729.252,0.00347124136311386,0.0223603955969127,0.0361277432208124
18,168,732.059,0.00348460269020828,0.0224464641033282,0.0189899689648028
18,171,748.061,0.00356077225065179,0.0204611772835213,0.0194050686813212
18,173,726.007,0.000893274635321488,0.0198579500015072,0.0277896485225305
18,191,751.265,0.00186884853428828,0.0334077033547624,0.0324354490259352
18,193,686.242,0.001707097170595,0.0305162215271294,0.0296281171230602
18,201,724.215,0.00754322372931125,0.0200728352941642,0.034559650118302
18,203,750.943,0.00351139507427152,0.0208136467130694,0.0358351143497277
18,206,729.584,0.00341152079967096,0.0249095072808189,0.0348158596161516
18,227,812.234,0.00136642709957606,0.0300016538971651,0.0294351142912992
18,234,758.564,0.00250534484237045,0.0205877675479498,0.0243439840198338
18,254,761.272,0.00200359324315227,0.0224128051491762,0.0218270608352495
18,260,780.751,0.00393619452276894,0.0250108503012573,0.0296851374811129
18,263,738.661,0.00372399571999656,0.0236625245364745,0.0232423515453938
18,265,736.87,0.00371496630550938,0.0272055467109788,0.0231859968013125
18,268,740.467,0.00373310075772064,0.0234600707875896,0.0232991782722563
18,270,751.303,0.00378773098406518,0.0238033856511208,0.025873796903525
18,273,721.657,0.000728190500677135,0.0228641172454135,0.031529172858488
18,283,764.217,0.00214218374503392,0.0256357851045603,0.0174967054164632
18,285,776.346,0.00217618265717997,0.0260426544067784,0.0177743981922014
19,1,4807.481,0.15421685006551025,0.13643766783869718,0.8236216857309672
19,2,3986.012,0.08205857641770496,0.3551169102276867,0.16257052078132586
19,3,3931.075,0.006657839691586092,0.27313104142420197,0.2696578713162581
19,4,4013.243,0.021500295935168483,3.3544910620391275,0.24722148459692986
19,5,4041.128,0.013556612365134744,0.28518603236604434,0.2850217748581805
19,6,4451.124,0.01352400793349395,0.2845001435726831,4.443033383057631
19,7,3823.515,0.02059915638422029,0.27681475172361675,0.25577868050032315
19,8,4436.727,0.025941846375939055,2.9979904709317,0.26134045848717286
19,9,3824.496,0.28094750615787595,1.6971330290285245,0.2882484614955482
19,10,3875.154,0.0142629753229423,0.541616325959732,3.44508968671729
19,11,4382.739,0.02568385019805223,0.575594798798416,2.911316572962998
19,12,4077.929,0.006690428233333621,0.28782497112507344,0.2586298469784222
19,13,4337.766,0.13199290891693943,0.3325460026450797,0.25925213626034677
19,14,4345.586,0.013790796577295886,0.27812260670364275,0.3144690136488492
19,15,4134.614,0.012897741371075654,0.22600668807073843,0.32271055389226266
19,16,3937.139,0.020081673878904964,0.3069777649735959,0.2925305777076315
19,17,3963.89,0.0376366647342418,0.56234759636538,0.553659520652124
19,18,4084.441,0.5117462731240251,1.309999289099844,0.2922017819435783
19,19,4108.521,1.0050605994092994,1.2936962550886557,2.190825104931696
19,20,4257.879,0.01388413149879742,0.293378289813359,2.1855887874342077
19,21,4068.824,0.07271664734073177,0.8560472029613363,2.1845416238072546
19,22,4222.714,0.1540086935060202,1.0032990208401193,1.0141577712815355
19,23,4037.978,0.015069215508906159,0.30826342636102083,0.9524908636062205
19,24,4098.724,0.01626118606637353,0.27039789055106406,0.27013255152533766
19,25,3834.363,0.010479418239910707,0.26460059809257536,0.196524929220991
19,26,3789.790,0.00653842893856795,0.00793275282585292,0.0019039316504064743
19,27,4060.299,0.013046310765016868,2.2865630233169734,1.7550475491922952
19,28,3901.938,0.011357421612035644,2.316976991709044,0.3377886501615835
19,29,4046.246,0.009811872256931529,4.66099155368929,0.30766451848467163
19,30,4028.275,0.22199811136445954,0.3076576325978312,0.28955091794227134
20,1,40547.082,0.006436184006672175,231.6876399945325,222.4271167782362
20,2,41968.755,0.02674949969221685,241.10227927383136,230.92643813867804
20,3,42708.917,0.0021026047903355133,225.18859459351498,205.34991038890806
20,4,42536.788,0.028288034137406572,243.50413882575944,229.87387650670857
20,5,42233.278,0.016512555688003194,231.7237602520653,218.68895229761998
20,6,42361.877,0.012814712178922286,244.74721187212702,242.8989191044914
20,7,42400.254,0.019931052088998737,230.83687837668106,230.778969548187
20,8,42176.663,0.005892559235178764,219.92278420950566,218.739437219795
20,9,42374.979,0.03054474061992159,232.39120977667176,232.45999918239636
20,10,42127.002,0.01158276799355341,239.02748296814582,219.9606026986623
20,11,42611.862,0.02486861090830699,243.83572467852727,219.93041558093134
20,12,42361.078,0.028002026197098684,209.93747242759045,216.3367757527915
20,13,42339.786,0.027688938551198593,227.87594665663184,232.87243927041874
20,14,42639.582,0.014038557769751712,244.4080387041382,233.80074235929382
20,15,42327.214,0.024713910230256347,235.6730822441183,220.54401951470345
20,16,42229.435,0.008926122774566362,216.2796018987855,233.3907487637402
20,17,42439.762,0.018173010033571024,203.9073538965239,221.51469260715302
20,18,42306.869,0.015741353395153635,243.73161607004639,235.02473387050426
20,19,42460.963,0.017163382061242415,232.51128473496712,247.90830316851176
20,20,42320.067,0.005442505933529695,202.09961303010692,215.20617508511467
20,21,42404.749,0.015418032949819816,231.4656746448951,241.06868074859338
20,22,42357.486,0.02950144850154851,233.35224776395054,247.1746330433814
20,23,42310.435,0.022303168086859424,226.38117230561184,241.81452723581637
20,24,42284.503,0.02636908616760976,220.10674378611677,235.00662400728655
20,25,42236.263,0.011811991145591953,245.801569026662,248.08388597580787
20,26,42307.883,0.02227686754428705,233.82749742118708,233.7045778881335
20,27,42335.283,0.00989170707838237,212.642413828011,223.11771282629638
20,28,42237.410,0.02866169996997023,234.13758545048455,234.76182425618438
20,29,42382.440,0.04607279633035066,221.13830351706406,229.6594218014155
20,30,42301.272,0.013828116524336789,247.26304311079295,248.9263369947054
21,8,1168.52,0.00526993249310096,0.0334773876995769,0.055734217672333
21,9,1260.278,0.00568375379329433,0.0361061986232562,0.0601107455410712
21,17,1223.903,0.0013204265196536,0.037144249085827,0.063701532033883
21,22,1171.416,0.00252797685782592,0.0483211024459079,0.05178044555145
21,24,1196.76,0.00258267053239135,0.0493665466095432,0.0449283122392479
21,25,1208.272,0.00260751402913998,0.0459900002422483,0.0454363943409204
21,31,1273.373,0.0028619427087372,0.0417651289243602,0.018326352381675
21,38,1260.2,0.00271355174204611,0.0438472952097877,0.018136766895
21,39,1232.49,0.00265388461081924,0.0421644200371647,0.0471303261817165
21,55,1228.194,0.00557455513528497,0.00234540413458105,0.0704931155072922
21,57,1194.645,0.0054222821635609,0.0347809842600541,0.0685675454978685
21,59,1220.062,0.00553764542691631,0.065211456806445,0.0411830548162703
21,61,1226.614,0.00556738379499692,0.065561656603665,0.0414042168352138
21,64,1150.278,0.00583832315178871,0.0448279339206546,0.0467249112501562
21,66,1195.879,0.00606977448272324,0.0542679269389037,0.0485772484051034
21,77,1214.992,0.00133951049796427,0.0472724559630195,0.053969794181784
21,78,1250.334,0.00137847452408053,0.0357434990777805,0.0462869844942815
21,80,1225.523,0.00273004645351077,0.0350342230318449,0.045368488818496
21,81,1270.697,0.00283067868847568,0.0363256194325983,0.0384679372476481
21,86,1268.449,0.00274569934277278,0.0433236482661806,0.0452989015816468
21,95,1219.718,0.00105826098681362,0.0418124393568179,0.0358564073657158
21,97,1224.88,0.00546396908795674,0.0419893948596144,0.0360081561919378
21,105,1215.136,0.00259128787916729,0.00231765582412076,0.0568172849357078
21,106,1149.371,0.00245104345601348,0.0348712585539752,0.0537422474552967
21,108,1148.552,0.00244929693153141,0.0348464105625471,0.0519489432709226
21,116,1162.056,0.00258499570180522,0.0457129597610384,0.0279127079089829
21,119,1172.682,0.00601584665754981,0.0580048117834451,0.0487079567528497
21,120,1230.734,0.00631365282338512,0.0608762597409071,0.0511191767642564
21,138,1236.344,0.00268016723753307,0.0474261704033444,0.0415538396255185
21,140,1249.273,0.00580221476376422,0.0479221269956398,0.0452673883549482
22,22,480.331,0.000963379312937776,0.0138160259928672,0.0130916805719475
22,25,637.575,0.00127875686858917,0.0183389220608337,0.0173774506343738
22,35,440.157,0.00266881976177982,0.0125452559435686,0.00866137883911408
22,39,420.466,0.00254942661358678,0.0119840274846669,0.00938749227026144
22,42,619.634,0.00364259486576625,0.0179842308997607,0.0170586474887591
22,45,587.944,0.00347038907860856,0.0170644616856546,0.0161862154741847
22,75,715.869,0.00111374275597542,0.01698010330142,0.0171627973342315
22,78,594.814,0.000925406441196312,0.0177701729437444,0.017057525133601
22,81,534.87,0.00161400256259639,0.0133048611725975,0.0153385066057779
22,95,537.548,0.0021213281876541,0.0188074983981438,0.0119915184448095
22,99,520.794,0.00205521179906004,0.0182213166466305,0.0177624676511299
22,109,498.603,0.00131176157993426,0.00538509450581877,0.000942706912698347
22,112,598.692,0.00390862864563429,0.00646609226153403,0.00113194482780328
22,115,592.176,0.00386608820037203,0.00639571708168169,0.013909798174203
22,128,507.818,0.00336650636044892,0.00871601640456027,0.0122900393006728
22,132,462.009,0.00306282218646178,0.00792976622147006,0.0121472980072978
22,146,465.352,0.00142719649098528,0.0123400976904789,0.0121797423437673
22,160,587.309,0.00384349538415949,0.0161137802430938,0.00570145866561659
22,163,620.753,0.0040623611935168,0.0119286961815826,0.0144046065763721
22,167,566.263,0.0017450133174117,0.0108815894339158,0.0131401632110618
22,182,747.34,0.00414431777145914,0.0128740843984202,0.0189784549765032
22,186,517.954,0.0028722749578483,0.00892255668169687,0.010581349594626
22,189,549.626,0.00304790965217438,0.0136442204270376,0.0109374305519269
22,192,592.011,0.00328295248240332,0.0145116183101854,0.0142482339900081
22,195,540.129,0.00165328933618373,0.0132398652833513,0.0129995631445853
22,198,474.345,0.00145193005776782,0.0116273406868198,0.0114163056970063
22,220,484.339,0.00209434539003578,0.0127311005453404,0.0107024961565552
22,241,558.411,0.00364154027022201,0.0140423438645147,0.0148158696737575
22,244,543.106,0.00351918935959701,0.014647395533073,0.0144097944256752
22,261,839.119,0.00208427380113941,0.00736210252250636,0.00154746686218832