Consulta	Iteracion	Tiempo	Manager	Worker1	Worker2
1	1	10275.258	107993.4567515158	490139.18239365844	464650.18693925167
1	2	10784.581	107322.68993939458	487094.8396458718	461764.1609334178
1	3	10692.158	110005.75718787944	499272.2106370185	473308.26495675324
1	4	10716.831	107993.4567515158	490139.18239365844	464650.18693925167
1	5	10677.609	107322.68993939458	487094.8396458718	461764.1609334178
1	6	10709.580	112688.8244363643	511449.5816281652	484852.3689800887
1	7	10729.387	108664.223563637	493183.5251414451	467536.2129450855
1	8	10704.345	104639.62269090972	474917.46865472506	450220.05691008235
1	9	10858.884	110005.75718787944	499272.2106370185	473308.26495675324
1	10	10727.234	105981.15631515214	481006.1541502984	455992.10892175004
1	11	10669.485	104639.62269090972	474917.46865472506	450220.05691008235
1	12	10836.715	111347.29081212188	505360.8961325919	479080.316968421
1	13	10714.887	109334.99037575822	496227.8678892318	470422.23895091936
1	14	10734.492	111347.29081212188	505360.8961325919	479080.316968421
1	15	10680.781	110676.52400000066	502316.55338480516	476194.2909625871
1	16	10706.371	107322.68993939458	487094.8396458718	461764.1609334178
1	17	10710.327	108664.223563637	493183.5251414451	467536.2129450855
1	18	10880.228	102627.32225454606	465784.440411365	441561.9788925807
1	19	10708.287	106651.92312727336	484050.4968980851	458878.1349275839
1	20	10870.129	106651.92312727336	484050.4968980851	458878.1349275839
1	21	10701.374	104639.62269090972	474917.46865472506	450220.05691008235
1	22	10691.290	104639.62269090972	474917.46865472506	450220.05691008235
1	23	10674.886	104639.62269090972	474917.46865472506	450220.05691008235
1	24	10664.705	106651.92312727336	484050.4968980851	458878.1349275839
1	25	10732.825	103298.08906666728	468828.7831591517	444448.0048984146
1	26	10668.321	106651.92312727336	484050.4968980851	458878.1349275839
1	27	10715.745	111347.29081212188	505360.8961325919	479080.316968421
1	28	10744.377	110676.52400000066	502316.55338480516	476194.2909625871
1	29	10653.205	108664.223563637	493183.5251414451	467536.2129450855
1	30	10678.238	106651.92312727336	484050.4968980851	458878.1349275839
2	1	476.779	107993.4567515158	490139.18239365844	464650.18693925167
2	2	361.992	107322.68993939458	487094.8396458718	461764.1609334178
2	3	293.836	110005.75718787944	499272.2106370185	473308.26495675324
2	4	436.540	107993.4567515158	490139.18239365844	464650.18693925167
2	5	317.705	107322.68993939458	487094.8396458718	461764.1609334178
2	6	291.681	112688.8244363643	511449.5816281652	484852.3689800887
2	7	313.732	108664.223563637	493183.5251414451	467536.2129450855
2	8	274.791	104639.62269090972	474917.46865472506	450220.05691008235
2	9	325.386	110005.75718787944	499272.2106370185	473308.26495675324
2	10	271.457	105981.15631515214	481006.1541502984	455992.10892175004
2	11	288.863	104639.62269090972	474917.46865472506	450220.05691008235
2	12	360.318	111347.29081212188	505360.8961325919	479080.316968421
2	13	440.455	109334.99037575822	496227.8678892318	470422.23895091936
2	14	353.672	111347.29081212188	505360.8961325919	479080.316968421
2	15	328.596	110676.52400000066	502316.55338480516	476194.2909625871
2	16	320.969	107322.68993939458	487094.8396458718	461764.1609334178
2	17	359.304	108664.223563637	493183.5251414451	467536.2129450855
2	18	335.808	102627.32225454606	465784.440411365	441561.9788925807
2	19	377.048	106651.92312727336	484050.4968980851	458878.1349275839
2	20	298.354	106651.92312727336	484050.4968980851	458878.1349275839
2	21	280.823	104639.62269090972	474917.46865472506	450220.05691008235
2	22	273.481	104639.62269090972	474917.46865472506	450220.05691008235
2	23	296.656	104639.62269090972	474917.46865472506	450220.05691008235
2	24	330.944	106651.92312727336	484050.4968980851	458878.1349275839
2	25	329.035	103298.08906666728	468828.7831591517	444448.0048984146
2	26	396.919	106651.92312727336	484050.4968980851	458878.1349275839
2	27	449.563	111347.29081212188	505360.8961325919	479080.316968421
2	28	312.306	110676.52400000066	502316.55338480516	476194.2909625871
2	29	286.288	108664.223563637	493183.5251414451	467536.2129450855
2	30	371.176	106651.92312727336	484050.4968980851	458878.1349275839
3	1	5352.050	107993.4567515158	490139.18239365844	464650.18693925167
3	2	4909.013	107322.68993939458	487094.8396458718	461764.1609334178
3	3	5505.140	110005.75718787944	499272.2106370185	473308.26495675324
3	4	5435.205	107993.4567515158	490139.18239365844	464650.18693925167
3	5	5091.111	107322.68993939458	487094.8396458718	461764.1609334178
3	6	5150.316	112688.8244363643	511449.5816281652	484852.3689800887
3	7	4956.798	108664.223563637	493183.5251414451	467536.2129450855
3	8	5204.853	104639.62269090972	474917.46865472506	450220.05691008235
3	9	5113.477	110005.75718787944	499272.2106370185	473308.26495675324
3	10	4773.573	105981.15631515214	481006.1541502984	455992.10892175004
3	11	5192.576	104639.62269090972	474917.46865472506	450220.05691008235
3	12	5406.706	111347.29081212188	505360.8961325919	479080.316968421
3	13	5223.110	109334.99037575822	496227.8678892318	470422.23895091936
3	14	5001.695	111347.29081212188	505360.8961325919	479080.316968421
3	15	5268.182	110676.52400000066	502316.55338480516	476194.2909625871
3	16	4949.556	107322.68993939458	487094.8396458718	461764.1609334178
3	17	5253.398	108664.223563637	493183.5251414451	467536.2129450855
3	18	5413.781	102627.32225454606	465784.440411365	441561.9788925807
3	19	4700.533	106651.92312727336	484050.4968980851	458878.1349275839
3	20	5106.604	106651.92312727336	484050.4968980851	458878.1349275839
3	21	5163.815	104639.62269090972	474917.46865472506	450220.05691008235
3	22	5341.657	104639.62269090972	474917.46865472506	450220.05691008235
3	23	5192.086	104639.62269090972	474917.46865472506	450220.05691008235
3	24	5336.799	106651.92312727336	484050.4968980851	458878.1349275839
3	25	5798.483	103298.08906666728	468828.7831591517	444448.0048984146
3	26	9158.530	106651.92312727336	484050.4968980851	458878.1349275839
3	27	5394.134	111347.29081212188	505360.8961325919	479080.316968421
3	28	4696.278	110676.52400000066	502316.55338480516	476194.2909625871
3	29	5207.065	108664.223563637	493183.5251414451	467536.2129450855
3	30	5163.108	106651.92312727336	484050.4968980851	458878.1349275839
4	1	1699.742	107993.4567515158	490139.18239365844	464650.18693925167
4	2	1573.481	107322.68993939458	487094.8396458718	461764.1609334178
4	3	1447.143	110005.75718787944	499272.2106370185	473308.26495675324
4	4	1447.568	107993.4567515158	490139.18239365844	464650.18693925167
4	5	1436.386	107322.68993939458	487094.8396458718	461764.1609334178
4	6	1355.656	112688.8244363643	511449.5816281652	484852.3689800887
4	7	1343.925	108664.223563637	493183.5251414451	467536.2129450855
4	8	1372.534	104639.62269090972	474917.46865472506	450220.05691008235
4	9	1247.749	110005.75718787944	499272.2106370185	473308.26495675324
4	10	1101.502	105981.15631515214	481006.1541502984	455992.10892175004
4	11	642.984	104639.62269090972	474917.46865472506	450220.05691008235
4	12	647.945	111347.29081212188	505360.8961325919	479080.316968421
4	13	702.320	109334.99037575822	496227.8678892318	470422.23895091936
4	14	722.561	111347.29081212188	505360.8961325919	479080.316968421
4	15	650.737	110676.52400000066	502316.55338480516	476194.2909625871
4	16	656.335	107322.68993939458	487094.8396458718	461764.1609334178
4	17	683.923	108664.223563637	493183.5251414451	467536.2129450855
4	18	620.804	102627.32225454606	465784.440411365	441561.9788925807
4	19	695.817	106651.92312727336	484050.4968980851	458878.1349275839
4	20	698.349	106651.92312727336	484050.4968980851	458878.1349275839
4	21	772.439	104639.62269090972	474917.46865472506	450220.05691008235
4	22	704.759	104639.62269090972	474917.46865472506	450220.05691008235
4	23	669.659	104639.62269090972	474917.46865472506	450220.05691008235
4	24	680.683	106651.92312727336	484050.4968980851	458878.1349275839
4	25	705.088	103298.08906666728	468828.7831591517	444448.0048984146
4	26	721.813	106651.92312727336	484050.4968980851	458878.1349275839
4	27	750.709	111347.29081212188	505360.8961325919	479080.316968421
4	28	748.527	110676.52400000066	502316.55338480516	476194.2909625871
4	29	690.030	108664.223563637	493183.5251414451	467536.2129450855
4	30	738.189	106651.92312727336	484050.4968980851	458878.1349275839
5	1	6863.525	107993.4567515158	490139.18239365844	464650.18693925167
5	2	7040.871	107322.68993939458	487094.8396458718	461764.1609334178
5	3	6014.210	110005.75718787944	499272.2106370185	473308.26495675324
5	4	6071.636	107993.4567515158	490139.18239365844	464650.18693925167
5	5	6081.451	107322.68993939458	487094.8396458718	461764.1609334178
5	6	7924.989	112688.8244363643	511449.5816281652	484852.3689800887
5	7	6121.685	108664.223563637	493183.5251414451	467536.2129450855
5	8	6565.216	104639.62269090972	474917.46865472506	450220.05691008235
5	9	6703.676	110005.75718787944	499272.2106370185	473308.26495675324
5	10	5947.129	105981.15631515214	481006.1541502984	455992.10892175004
5	11	7029.341	104639.62269090972	474917.46865472506	450220.05691008235
5	12	6711.996	111347.29081212188	505360.8961325919	479080.316968421
5	13	6299.378	109334.99037575822	496227.8678892318	470422.23895091936
5	14	6308.588	111347.29081212188	505360.8961325919	479080.316968421
5	15	6963.072	110676.52400000066	502316.55338480516	476194.2909625871
5	16	6747.443	107322.68993939458	487094.8396458718	461764.1609334178
5	17	6494.165	108664.223563637	493183.5251414451	467536.2129450855
5	18	6015.904	102627.32225454606	465784.440411365	441561.9788925807
5	19	6744.921	106651.92312727336	484050.4968980851	458878.1349275839
5	20	6346.752	106651.92312727336	484050.4968980851	458878.1349275839
5	21	6168.348	104639.62269090972	474917.46865472506	450220.05691008235
5	22	6189.555	104639.62269090972	474917.46865472506	450220.05691008235
5	23	6135.633	104639.62269090972	474917.46865472506	450220.05691008235
5	24	5936.744	106651.92312727336	484050.4968980851	458878.1349275839
5	25	6082.993	103298.08906666728	468828.7831591517	444448.0048984146
5	26	5911.095	106651.92312727336	484050.4968980851	458878.1349275839
5	27	6353.818	111347.29081212188	505360.8961325919	479080.316968421
5	28	7821.699	110676.52400000066	502316.55338480516	476194.2909625871
5	29	6084.991	108664.223563637	493183.5251414451	467536.2129450855
5	30	6501.618	106651.92312727336	484050.4968980851	458878.1349275839
6	1	401.337	107993.4567515158	490139.18239365844	464650.18693925167
6	2	292.723	107322.68993939458	487094.8396458718	461764.1609334178
6	3	332.529	110005.75718787944	499272.2106370185	473308.26495675324
6	4	315.971	107993.4567515158	490139.18239365844	464650.18693925167
6	5	365.007	107322.68993939458	487094.8396458718	461764.1609334178
6	6	325.349	112688.8244363643	511449.5816281652	484852.3689800887
6	7	312.400	108664.223563637	493183.5251414451	467536.2129450855
6	8	330.019	104639.62269090972	474917.46865472506	450220.05691008235
6	9	303.700	110005.75718787944	499272.2106370185	473308.26495675324
6	10	332.360	105981.15631515214	481006.1541502984	455992.10892175004
6	11	333.434	104639.62269090972	474917.46865472506	450220.05691008235
6	12	314.863	111347.29081212188	505360.8961325919	479080.316968421
6	13	334.055	109334.99037575822	496227.8678892318	470422.23895091936
6	14	333.298	111347.29081212188	505360.8961325919	479080.316968421
6	15	317.475	110676.52400000066	502316.55338480516	476194.2909625871
6	16	332.938	107322.68993939458	487094.8396458718	461764.1609334178
6	17	320.377	108664.223563637	493183.5251414451	467536.2129450855
6	18	326.028	102627.32225454606	465784.440411365	441561.9788925807
6	19	328.053	106651.92312727336	484050.4968980851	458878.1349275839
6	20	368.696	106651.92312727336	484050.4968980851	458878.1349275839
6	21	335.352	104639.62269090972	474917.46865472506	450220.05691008235
6	22	356.055	104639.62269090972	474917.46865472506	450220.05691008235
6	23	334.743	104639.62269090972	474917.46865472506	450220.05691008235
6	24	567.330	106651.92312727336	484050.4968980851	458878.1349275839
6	25	353.955	103298.08906666728	468828.7831591517	444448.0048984146
6	26	365.482	106651.92312727336	484050.4968980851	458878.1349275839
6	27	354.643	111347.29081212188	505360.8961325919	479080.316968421
6	28	473.406	110676.52400000066	502316.55338480516	476194.2909625871
6	29	439.012	108664.223563637	493183.5251414451	467536.2129450855
6	30	325.824	106651.92312727336	484050.4968980851	458878.1349275839
7	1	24054.652	107993.4567515158	490139.18239365844	464650.18693925167
7	2	25854.888	107322.68993939458	487094.8396458718	461764.1609334178
7	3	26723.932	110005.75718787944	499272.2106370185	473308.26495675324
7	4	26927.667	107993.4567515158	490139.18239365844	464650.18693925167
7	5	24193.040	107322.68993939458	487094.8396458718	461764.1609334178
7	6	28323.955	112688.8244363643	511449.5816281652	484852.3689800887
7	7	23903.873	108664.223563637	493183.5251414451	467536.2129450855
7	8	24277.629	104639.62269090972	474917.46865472506	450220.05691008235
7	9	24456.369	110005.75718787944	499272.2106370185	473308.26495675324
7	10	25566.438	105981.15631515214	481006.1541502984	455992.10892175004
7	11	25443.895	104639.62269090972	474917.46865472506	450220.05691008235
7	12	26135.388	111347.29081212188	505360.8961325919	479080.316968421
7	13	25447.297	109334.99037575822	496227.8678892318	470422.23895091936
7	14	25130.405	111347.29081212188	505360.8961325919	479080.316968421
7	15	26174.863	110676.52400000066	502316.55338480516	476194.2909625871
7	16	26755.921	107322.68993939458	487094.8396458718	461764.1609334178
7	17	25852.092	108664.223563637	493183.5251414451	467536.2129450855
7	18	24603.400	102627.32225454606	465784.440411365	441561.9788925807
7	19	26755.326	106651.92312727336	484050.4968980851	458878.1349275839
7	20	24626.563	106651.92312727336	484050.4968980851	458878.1349275839
7	21	25105.392	104639.62269090972	474917.46865472506	450220.05691008235
7	22	25772.143	104639.62269090972	474917.46865472506	450220.05691008235
7	23	24851.718	104639.62269090972	474917.46865472506	450220.05691008235
7	24	28427.958	106651.92312727336	484050.4968980851	458878.1349275839
7	25	25594.762	103298.08906666728	468828.7831591517	444448.0048984146
7	26	24489.721	106651.92312727336	484050.4968980851	458878.1349275839
7	27	25237.154	111347.29081212188	505360.8961325919	479080.316968421
7	28	24874.537	110676.52400000066	502316.55338480516	476194.2909625871
7	29	26573.918	108664.223563637	493183.5251414451	467536.2129450855
7	30	25519.511	106651.92312727336	484050.4968980851	458878.1349275839
8	1	77641.189	107993.4567515158	490139.18239365844	464650.18693925167
8	2	76437.070	107322.68993939458	487094.8396458718	461764.1609334178
8	3	80247.568	110005.75718787944	499272.2106370185	473308.26495675324
8	4	81216.861	107993.4567515158	490139.18239365844	464650.18693925167
8	5	76852.171	107322.68993939458	487094.8396458718	461764.1609334178
8	6	74198.221	112688.8244363643	511449.5816281652	484852.3689800887
8	7	76951.253	108664.223563637	493183.5251414451	467536.2129450855
8	8	72570.058	104639.62269090972	474917.46865472506	450220.05691008235
8	9	73928.592	110005.75718787944	499272.2106370185	473308.26495675324
8	10	73289.557	105981.15631515214	481006.1541502984	455992.10892175004
8	11	74873.566	104639.62269090972	474917.46865472506	450220.05691008235
8	12	73981.754	111347.29081212188	505360.8961325919	479080.316968421
8	13	83915.182	109334.99037575822	496227.8678892318	470422.23895091936
8	14	82294.830	111347.29081212188	505360.8961325919	479080.316968421
8	15	79351.087	110676.52400000066	502316.55338480516	476194.2909625871
8	16	75964.596	107322.68993939458	487094.8396458718	461764.1609334178
8	17	76205.871	108664.223563637	493183.5251414451	467536.2129450855
8	18	72601.538	102627.32225454606	465784.440411365	441561.9788925807
8	19	73104.409	106651.92312727336	484050.4968980851	458878.1349275839
8	20	76028.153	106651.92312727336	484050.4968980851	458878.1349275839
8	21	73879.443	104639.62269090972	474917.46865472506	450220.05691008235
8	22	70904.395	104639.62269090972	474917.46865472506	450220.05691008235
8	23	70393.580	104639.62269090972	474917.46865472506	450220.05691008235
8	24	73802.639	106651.92312727336	484050.4968980851	458878.1349275839
8	25	71095.121	103298.08906666728	468828.7831591517	444448.0048984146
8	26	73302.639	106651.92312727336	484050.4968980851	458878.1349275839
8	27	76208.720	111347.29081212188	505360.8961325919	479080.316968421
8	28	74905.397	110676.52400000066	502316.55338480516	476194.2909625871
8	29	75204.116	108664.223563637	493183.5251414451	467536.2129450855
8	30	75478.903	106651.92312727336	484050.4968980851	458878.1349275839
9	1	170832.573	107993.4567515158	490139.18239365844	464650.18693925167
9	2	170889.812	107322.68993939458	487094.8396458718	461764.1609334178
9	3	177366.676	110005.75718787944	499272.2106370185	473308.26495675324
9	4	174878.403	107993.4567515158	490139.18239365844	464650.18693925167
9	5	174550.328	107322.68993939458	487094.8396458718	461764.1609334178
9	6	175166.991	112688.8244363643	511449.5816281652	484852.3689800887
9	7	174716.824	108664.223563637	493183.5251414451	467536.2129450855
9	8	176952.430	104639.62269090972	474917.46865472506	450220.05691008235
9	9	184601.261	110005.75718787944	499272.2106370185	473308.26495675324
9	10	175742.763	105981.15631515214	481006.1541502984	455992.10892175004
9	11	170451.800	104639.62269090972	474917.46865472506	450220.05691008235
9	12	182921.936	111347.29081212188	505360.8961325919	479080.316968421
9	13	179466.557	109334.99037575822	496227.8678892318	470422.23895091936
9	14	180576.375	111347.29081212188	505360.8961325919	479080.316968421
9	15	178725.739	110676.52400000066	502316.55338480516	476194.2909625871
9	16	172157.185	107322.68993939458	487094.8396458718	461764.1609334178
9	17	174881.992	108664.223563637	493183.5251414451	467536.2129450855
9	18	165108.620	102627.32225454606	465784.440411365	441561.9788925807
9	19	162931.145	106651.92312727336	484050.4968980851	458878.1349275839
9	20	170837.540	106651.92312727336	484050.4968980851	458878.1349275839
9	21	165251.321	104639.62269090972	474917.46865472506	450220.05691008235
9	22	168114.611	104639.62269090972	474917.46865472506	450220.05691008235
9	23	165916.971	104639.62269090972	474917.46865472506	450220.05691008235
9	24	171944.825	106651.92312727336	484050.4968980851	458878.1349275839
9	25	166432.087	103298.08906666728	468828.7831591517	444448.0048984146
9	26	169706.224	106651.92312727336	484050.4968980851	458878.1349275839
9	27	184544.151	111347.29081212188	505360.8961325919	479080.316968421
9	28	183320.479	110676.52400000066	502316.55338480516	476194.2909625871
9	29	170446.250	108664.223563637	493183.5251414451	467536.2129450855
9	30	172271.101	106651.92312727336	484050.4968980851	458878.1349275839
10	1	7485.772	107993.4567515158	490139.18239365844	464650.18693925167
10	2	8322.907	107322.68993939458	487094.8396458718	461764.1609334178
10	3	8921.929	110005.75718787944	499272.2106370185	473308.26495675324
10	4	8032.578	107993.4567515158	490139.18239365844	464650.18693925167
10	5	8791.488	107322.68993939458	487094.8396458718	461764.1609334178
10	6	13195.903	112688.8244363643	511449.5816281652	484852.3689800887
10	7	8174.359	108664.223563637	493183.5251414451	467536.2129450855
10	8	7265.095	104639.62269090972	474917.46865472506	450220.05691008235
10	9	6873.283	110005.75718787944	499272.2106370185	473308.26495675324
10	10	6002.939	105981.15631515214	481006.1541502984	455992.10892175004
10	11	7256.939	104639.62269090972	474917.46865472506	450220.05691008235
10	12	7976.046	111347.29081212188	505360.8961325919	479080.316968421
10	13	7814.775	109334.99037575822	496227.8678892318	470422.23895091936
10	14	8366.556	111347.29081212188	505360.8961325919	479080.316968421
10	15	8324.324	110676.52400000066	502316.55338480516	476194.2909625871
10	16	8041.934	107322.68993939458	487094.8396458718	461764.1609334178
10	17	7467.861	108664.223563637	493183.5251414451	467536.2129450855
10	18	7446.127	102627.32225454606	465784.440411365	441561.9788925807
10	19	8385.010	106651.92312727336	484050.4968980851	458878.1349275839
10	20	8446.309	106651.92312727336	484050.4968980851	458878.1349275839
10	21	7795.676	104639.62269090972	474917.46865472506	450220.05691008235
10	22	6876.314	104639.62269090972	474917.46865472506	450220.05691008235
10	23	7274.599	104639.62269090972	474917.46865472506	450220.05691008235
10	24	6580.873	106651.92312727336	484050.4968980851	458878.1349275839
10	25	7666.223	103298.08906666728	468828.7831591517	444448.0048984146
10	26	6965.966	106651.92312727336	484050.4968980851	458878.1349275839
10	27	7119.454	111347.29081212188	505360.8961325919	479080.316968421
10	28	6576.740	110676.52400000066	502316.55338480516	476194.2909625871
10	29	7011.955	108664.223563637	493183.5251414451	467536.2129450855
10	30	6800.885	106651.92312727336	484050.4968980851	458878.1349275839
11	1	622.020	107993.4567515158	490139.18239365844	464650.18693925167
11	2	472.727	107322.68993939458	487094.8396458718	461764.1609334178
11	3	505.807	110005.75718787944	499272.2106370185	473308.26495675324
11	4	345.304	107993.4567515158	490139.18239365844	464650.18693925167
11	5	305.945	107322.68993939458	487094.8396458718	461764.1609334178
11	6	461.522	112688.8244363643	511449.5816281652	484852.3689800887
11	7	416.684	108664.223563637	493183.5251414451	467536.2129450855
11	8	453.116	104639.62269090972	474917.46865472506	450220.05691008235
11	9	396.063	110005.75718787944	499272.2106370185	473308.26495675324
11	10	469.613	105981.15631515214	481006.1541502984	455992.10892175004
11	11	446.373	104639.62269090972	474917.46865472506	450220.05691008235
11	12	476.582	111347.29081212188	505360.8961325919	479080.316968421
11	13	507.060	109334.99037575822	496227.8678892318	470422.23895091936
11	14	408.374	111347.29081212188	505360.8961325919	479080.316968421
11	15	379.671	110676.52400000066	502316.55338480516	476194.2909625871
11	16	426.613	107322.68993939458	487094.8396458718	461764.1609334178
11	17	553.296	108664.223563637	493183.5251414451	467536.2129450855
11	18	450.164	102627.32225454606	465784.440411365	441561.9788925807
11	19	593.777	106651.92312727336	484050.4968980851	458878.1349275839
11	20	399.827	106651.92312727336	484050.4968980851	458878.1349275839
11	21	341.245	104639.62269090972	474917.46865472506	450220.05691008235
11	22	424.326	104639.62269090972	474917.46865472506	450220.05691008235
11	23	552.634	104639.62269090972	474917.46865472506	450220.05691008235
11	24	491.486	106651.92312727336	484050.4968980851	458878.1349275839
11	25	393.948	103298.08906666728	468828.7831591517	444448.0048984146
11	26	359.457	106651.92312727336	484050.4968980851	458878.1349275839
11	27	543.293	111347.29081212188	505360.8961325919	479080.316968421
11	28	360.129	110676.52400000066	502316.55338480516	476194.2909625871
11	29	402.558	108664.223563637	493183.5251414451	467536.2129450855
11	30	390.203	106651.92312727336	484050.4968980851	458878.1349275839
12	1	1237.410	107993.4567515158	490139.18239365844	464650.18693925167
12	2	584.111	107322.68993939458	487094.8396458718	461764.1609334178
12	3	566.645	110005.75718787944	499272.2106370185	473308.26495675324
12	4	606.328	107993.4567515158	490139.18239365844	464650.18693925167
12	5	570.752	107322.68993939458	487094.8396458718	461764.1609334178
12	6	592.452	112688.8244363643	511449.5816281652	484852.3689800887
12	7	571.362	108664.223563637	493183.5251414451	467536.2129450855
12	8	577.037	104639.62269090972	474917.46865472506	450220.05691008235
12	9	579.676	110005.75718787944	499272.2106370185	473308.26495675324
12	10	571.553	105981.15631515214	481006.1541502984	455992.10892175004
12	11	562.642	104639.62269090972	474917.46865472506	450220.05691008235
12	12	569.862	111347.29081212188	505360.8961325919	479080.316968421
12	13	651.684	109334.99037575822	496227.8678892318	470422.23895091936
12	14	762.092	111347.29081212188	505360.8961325919	479080.316968421
12	15	638.924	110676.52400000066	502316.55338480516	476194.2909625871
12	16	564.997	107322.68993939458	487094.8396458718	461764.1609334178
12	17	588.642	108664.223563637	493183.5251414451	467536.2129450855
12	18	587.804	102627.32225454606	465784.440411365	441561.9788925807
12	19	569.166	106651.92312727336	484050.4968980851	458878.1349275839
12	20	539.305	106651.92312727336	484050.4968980851	458878.1349275839
12	21	564.836	104639.62269090972	474917.46865472506	450220.05691008235
12	22	540.204	104639.62269090972	474917.46865472506	450220.05691008235
12	23	553.099	104639.62269090972	474917.46865472506	450220.05691008235
12	24	605.623	106651.92312727336	484050.4968980851	458878.1349275839
12	25	567.641	103298.08906666728	468828.7831591517	444448.0048984146
12	26	590.058	106651.92312727336	484050.4968980851	458878.1349275839
12	27	560.572	111347.29081212188	505360.8961325919	479080.316968421
12	28	620.860	110676.52400000066	502316.55338480516	476194.2909625871
12	29	601.427	108664.223563637	493183.5251414451	467536.2129450855
12	30	606.166	106651.92312727336	484050.4968980851	458878.1349275839
13	1	2041.502	107993.4567515158	490139.18239365844	464650.18693925167
13	2	1436.216	107322.68993939458	487094.8396458718	461764.1609334178
13	3	1556.764	110005.75718787944	499272.2106370185	473308.26495675324
13	4	1455.344	107993.4567515158	490139.18239365844	464650.18693925167
13	5	1457.095	107322.68993939458	487094.8396458718	461764.1609334178
13	6	1554.830	112688.8244363643	511449.5816281652	484852.3689800887
13	7	1572.548	108664.223563637	493183.5251414451	467536.2129450855
13	8	1399.236	104639.62269090972	474917.46865472506	450220.05691008235
13	9	1525.664	110005.75718787944	499272.2106370185	473308.26495675324
13	10	1657.425	105981.15631515214	481006.1541502984	455992.10892175004
13	11	1664.854	104639.62269090972	474917.46865472506	450220.05691008235
13	12	1493.268	111347.29081212188	505360.8961325919	479080.316968421
13	13	1417.007	109334.99037575822	496227.8678892318	470422.23895091936
13	14	1662.771	111347.29081212188	505360.8961325919	479080.316968421
13	15	1664.760	110676.52400000066	502316.55338480516	476194.2909625871
13	16	1555.622	107322.68993939458	487094.8396458718	461764.1609334178
13	17	1582.801	108664.223563637	493183.5251414451	467536.2129450855
13	18	1626.162	102627.32225454606	465784.440411365	441561.9788925807
13	19	1470.404	106651.92312727336	484050.4968980851	458878.1349275839
13	20	1430.248	106651.92312727336	484050.4968980851	458878.1349275839
13	21	1668.855	104639.62269090972	474917.46865472506	450220.05691008235
13	22	1629.751	104639.62269090972	474917.46865472506	450220.05691008235
13	23	1624.460	104639.62269090972	474917.46865472506	450220.05691008235
13	24	1516.343	106651.92312727336	484050.4968980851	458878.1349275839
13	25	1487.831	103298.08906666728	468828.7831591517	444448.0048984146
13	26	1640.869	106651.92312727336	484050.4968980851	458878.1349275839
13	27	1822.721	111347.29081212188	505360.8961325919	479080.316968421
13	28	1507.904	110676.52400000066	502316.55338480516	476194.2909625871
13	29	1634.893	108664.223563637	493183.5251414451	467536.2129450855
13	30	1642.546	106651.92312727336	484050.4968980851	458878.1349275839
14	1	5874.026	107993.4567515158	490139.18239365844	464650.18693925167
14	2	3611.285	107322.68993939458	487094.8396458718	461764.1609334178
14	3	3621.715	110005.75718787944	499272.2106370185	473308.26495675324
14	4	4670.567	107993.4567515158	490139.18239365844	464650.18693925167
14	5	4042.316	107322.68993939458	487094.8396458718	461764.1609334178
14	6	7526.706	112688.8244363643	511449.5816281652	484852.3689800887
14	7	5048.268	108664.223563637	493183.5251414451	467536.2129450855
14	8	4147.418	104639.62269090972	474917.46865472506	450220.05691008235
14	9	4585.951	110005.75718787944	499272.2106370185	473308.26495675324
14	10	3839.563	105981.15631515214	481006.1541502984	455992.10892175004
14	11	4359.981	104639.62269090972	474917.46865472506	450220.05691008235
14	12	4030.979	111347.29081212188	505360.8961325919	479080.316968421
14	13	3325.062	109334.99037575822	496227.8678892318	470422.23895091936
14	14	3541.892	111347.29081212188	505360.8961325919	479080.316968421
14	15	3806.865	110676.52400000066	502316.55338480516	476194.2909625871
14	16	3524.001	107322.68993939458	487094.8396458718	461764.1609334178
14	17	3612.067	108664.223563637	493183.5251414451	467536.2129450855
14	18	3704.885	102627.32225454606	465784.440411365	441561.9788925807
14	19	4681.662	106651.92312727336	484050.4968980851	458878.1349275839
14	20	3638.350	106651.92312727336	484050.4968980851	458878.1349275839
14	21	3842.035	104639.62269090972	474917.46865472506	450220.05691008235
14	22	3590.706	104639.62269090972	474917.46865472506	450220.05691008235
14	23	3717.891	104639.62269090972	474917.46865472506	450220.05691008235
14	24	3993.281	106651.92312727336	484050.4968980851	458878.1349275839
14	25	3580.478	103298.08906666728	468828.7831591517	444448.0048984146
14	26	3843.862	106651.92312727336	484050.4968980851	458878.1349275839
14	27	4120.283	111347.29081212188	505360.8961325919	479080.316968421
14	28	4152.809	110676.52400000066	502316.55338480516	476194.2909625871
14	29	3818.769	108664.223563637	493183.5251414451	467536.2129450855
14	30	3938.767	106651.92312727336	484050.4968980851	458878.1349275839
15	1	5005.064	107993.4567515158	490139.18239365844	464650.18693925167
15	2	4947.226	107322.68993939458	487094.8396458718	461764.1609334178
15	3	4410.434	110005.75718787944	499272.2106370185	473308.26495675324
15	4	5138.464	107993.4567515158	490139.18239365844	464650.18693925167
15	5	4868.566	107322.68993939458	487094.8396458718	461764.1609334178
15	6	4744.878	112688.8244363643	511449.5816281652	484852.3689800887
15	7	4737.683	108664.223563637	493183.5251414451	467536.2129450855
15	8	4403.944	104639.62269090972	474917.46865472506	450220.05691008235
15	9	4911.341	110005.75718787944	499272.2106370185	473308.26495675324
15	10	4995.596	105981.15631515214	481006.1541502984	455992.10892175004
15	11	4296.422	104639.62269090972	474917.46865472506	450220.05691008235
15	12	4762.375	111347.29081212188	505360.8961325919	479080.316968421
15	13	4622.622	109334.99037575822	496227.8678892318	470422.23895091936
15	14	4598.692	111347.29081212188	505360.8961325919	479080.316968421
15	15	5186.183	110676.52400000066	502316.55338480516	476194.2909625871
15	16	4552.229	107322.68993939458	487094.8396458718	461764.1609334178
15	17	5744.212	108664.223563637	493183.5251414451	467536.2129450855
15	18	4863.336	102627.32225454606	465784.440411365	441561.9788925807
15	19	4540.651	106651.92312727336	484050.4968980851	458878.1349275839
15	20	5125.849	106651.92312727336	484050.4968980851	458878.1349275839
15	21	4421.672	104639.62269090972	474917.46865472506	450220.05691008235
15	22	5089.604	104639.62269090972	474917.46865472506	450220.05691008235
15	23	5470.216	104639.62269090972	474917.46865472506	450220.05691008235
15	24	4790.172	106651.92312727336	484050.4968980851	458878.1349275839
15	25	6164.511	103298.08906666728	468828.7831591517	444448.0048984146
15	26	5489.224	106651.92312727336	484050.4968980851	458878.1349275839
15	27	5474.874	111347.29081212188	505360.8961325919	479080.316968421
15	28	5201.305	110676.52400000066	502316.55338480516	476194.2909625871
15	29	5520.632	108664.223563637	493183.5251414451	467536.2129450855
15	30	5419.816	106651.92312727336	484050.4968980851	458878.1349275839
16	1	5066.187	107993.4567515158	490139.18239365844	464650.18693925167
16	2	4725.491	107322.68993939458	487094.8396458718	461764.1609334178
16	3	4897.271	110005.75718787944	499272.2106370185	473308.26495675324
16	4	4819.035	107993.4567515158	490139.18239365844	464650.18693925167
16	5	4899.527	107322.68993939458	487094.8396458718	461764.1609334178
16	6	4638.351	112688.8244363643	511449.5816281652	484852.3689800887
16	7	6301.288	108664.223563637	493183.5251414451	467536.2129450855
16	8	5008.112	104639.62269090972	474917.46865472506	450220.05691008235
16	9	4698.695	110005.75718787944	499272.2106370185	473308.26495675324
16	10	4960.693	105981.15631515214	481006.1541502984	455992.10892175004
16	11	4685.161	104639.62269090972	474917.46865472506	450220.05691008235
16	12	4865.570	111347.29081212188	505360.8961325919	479080.316968421
16	13	4746.031	109334.99037575822	496227.8678892318	470422.23895091936
16	14	4714.826	111347.29081212188	505360.8961325919	479080.316968421
16	15	4771.593	110676.52400000066	502316.55338480516	476194.2909625871
16	16	4872.928	107322.68993939458	487094.8396458718	461764.1609334178
16	17	5028.322	108664.223563637	493183.5251414451	467536.2129450855
16	18	4559.939	102627.32225454606	465784.440411365	441561.9788925807
16	19	4521.034	106651.92312727336	484050.4968980851	458878.1349275839
16	20	5296.881	106651.92312727336	484050.4968980851	458878.1349275839
16	21	4763.914	104639.62269090972	474917.46865472506	450220.05691008235
16	22	4674.827	104639.62269090972	474917.46865472506	450220.05691008235
16	23	4573.315	104639.62269090972	474917.46865472506	450220.05691008235
16	24	4851.358	106651.92312727336	484050.4968980851	458878.1349275839
16	25	4371.953	103298.08906666728	468828.7831591517	444448.0048984146
16	26	4395.192	106651.92312727336	484050.4968980851	458878.1349275839
16	27	4746.186	111347.29081212188	505360.8961325919	479080.316968421
16	28	4504.214	110676.52400000066	502316.55338480516	476194.2909625871
16	29	4455.743	108664.223563637	493183.5251414451	467536.2129450855
16	30	4726.646	106651.92312727336	484050.4968980851	458878.1349275839
17	1	348.673	107993.4567515158	490139.18239365844	464650.18693925167
17	2	170.374	107322.68993939458	487094.8396458718	461764.1609334178
17	3	189.577	110005.75718787944	499272.2106370185	473308.26495675324
17	4	178.116	107993.4567515158	490139.18239365844	464650.18693925167
17	5	183.948	107322.68993939458	487094.8396458718	461764.1609334178
17	6	181.439	112688.8244363643	511449.5816281652	484852.3689800887
17	7	253.539	108664.223563637	493183.5251414451	467536.2129450855
17	8	187.369	104639.62269090972	474917.46865472506	450220.05691008235
17	9	196.062	110005.75718787944	499272.2106370185	473308.26495675324
17	10	271.556	105981.15631515214	481006.1541502984	455992.10892175004
17	11	171.989	104639.62269090972	474917.46865472506	450220.05691008235
17	12	210.260	111347.29081212188	505360.8961325919	479080.316968421
17	13	183.114	109334.99037575822	496227.8678892318	470422.23895091936
17	14	193.668	111347.29081212188	505360.8961325919	479080.316968421
17	15	240.674	110676.52400000066	502316.55338480516	476194.2909625871
17	16	179.598	107322.68993939458	487094.8396458718	461764.1609334178
17	17	208.153	108664.223563637	493183.5251414451	467536.2129450855
17	18	209.256	102627.32225454606	465784.440411365	441561.9788925807
17	19	184.993	106651.92312727336	484050.4968980851	458878.1349275839
17	20	203.653	106651.92312727336	484050.4968980851	458878.1349275839
17	21	195.241	104639.62269090972	474917.46865472506	450220.05691008235
17	22	189.215	104639.62269090972	474917.46865472506	450220.05691008235
17	23	182.822	104639.62269090972	474917.46865472506	450220.05691008235
17	24	189.064	106651.92312727336	484050.4968980851	458878.1349275839
17	25	185.800	103298.08906666728	468828.7831591517	444448.0048984146
17	26	191.128	106651.92312727336	484050.4968980851	458878.1349275839
17	27	190.601	111347.29081212188	505360.8961325919	479080.316968421
17	28	238.430	110676.52400000066	502316.55338480516	476194.2909625871
17	29	168.479	108664.223563637	493183.5251414451	467536.2129450855
17	30	218.865	106651.92312727336	484050.4968980851	458878.1349275839
18	1	1173.108	107993.4567515158	490139.18239365844	464650.18693925167
18	2	820.372	107322.68993939458	487094.8396458718	461764.1609334178
18	3	936.556	110005.75718787944	499272.2106370185	473308.26495675324
18	4	924.364	107993.4567515158	490139.18239365844	464650.18693925167
18	5	907.187	107322.68993939458	487094.8396458718	461764.1609334178
18	6	813.322	112688.8244363643	511449.5816281652	484852.3689800887
18	7	808.660	108664.223563637	493183.5251414451	467536.2129450855
18	8	780.112	104639.62269090972	474917.46865472506	450220.05691008235
18	9	898.978	110005.75718787944	499272.2106370185	473308.26495675324
18	10	879.428	105981.15631515214	481006.1541502984	455992.10892175004
18	11	915.773	104639.62269090972	474917.46865472506	450220.05691008235
18	12	889.686	111347.29081212188	505360.8961325919	479080.316968421
18	13	858.755	109334.99037575822	496227.8678892318	470422.23895091936
18	14	837.294	111347.29081212188	505360.8961325919	479080.316968421
18	15	886.365	110676.52400000066	502316.55338480516	476194.2909625871
18	16	948.478	107322.68993939458	487094.8396458718	461764.1609334178
18	17	894.909	108664.223563637	493183.5251414451	467536.2129450855
18	18	857.107	102627.32225454606	465784.440411365	441561.9788925807
18	19	870.981	106651.92312727336	484050.4968980851	458878.1349275839
18	20	910.384	106651.92312727336	484050.4968980851	458878.1349275839
18	21	902.235	104639.62269090972	474917.46865472506	450220.05691008235
18	22	935.056	104639.62269090972	474917.46865472506	450220.05691008235
18	23	857.236	104639.62269090972	474917.46865472506	450220.05691008235
18	24	762.072	106651.92312727336	484050.4968980851	458878.1349275839
18	25	829.768	103298.08906666728	468828.7831591517	444448.0048984146
18	26	892.855	106651.92312727336	484050.4968980851	458878.1349275839
18	27	919.653	111347.29081212188	505360.8961325919	479080.316968421
18	28	943.275	110676.52400000066	502316.55338480516	476194.2909625871
18	29	1041.559	108664.223563637	493183.5251414451	467536.2129450855
18	30	791.727	106651.92312727336	484050.4968980851	458878.1349275839
19	1	452.539	107993.4567515158	490139.18239365844	464650.18693925167
19	2	154.161	107322.68993939458	487094.8396458718	461764.1609334178
19	3	193.289	110005.75718787944	499272.2106370185	473308.26495675324
19	4	251.644	107993.4567515158	490139.18239365844	464650.18693925167
19	5	367.749	107322.68993939458	487094.8396458718	461764.1609334178
19	6	321.525	112688.8244363643	511449.5816281652	484852.3689800887
19	7	252.620	108664.223563637	493183.5251414451	467536.2129450855
19	8	254.538	104639.62269090972	474917.46865472506	450220.05691008235
19	9	238.645	110005.75718787944	499272.2106370185	473308.26495675324
19	10	293.944	105981.15631515214	481006.1541502984	455992.10892175004
19	11	259.703	104639.62269090972	474917.46865472506	450220.05691008235
19	12	242.163	111347.29081212188	505360.8961325919	479080.316968421
19	13	319.936	109334.99037575822	496227.8678892318	470422.23895091936
19	14	269.424	111347.29081212188	505360.8961325919	479080.316968421
19	15	306.116	110676.52400000066	502316.55338480516	476194.2909625871
19	16	227.428	107322.68993939458	487094.8396458718	461764.1609334178
19	17	233.717	108664.223563637	493183.5251414451	467536.2129450855
19	18	317.083	102627.32225454606	465784.440411365	441561.9788925807
19	19	165.694	106651.92312727336	484050.4968980851	458878.1349275839
19	20	215.460	106651.92312727336	484050.4968980851	458878.1349275839
19	21	303.744	104639.62269090972	474917.46865472506	450220.05691008235
19	22	200.777	104639.62269090972	474917.46865472506	450220.05691008235
19	23	270.893	104639.62269090972	474917.46865472506	450220.05691008235
19	24	299.128	106651.92312727336	484050.4968980851	458878.1349275839
19	25	328.330	103298.08906666728	468828.7831591517	444448.0048984146
19	26	464.706	106651.92312727336	484050.4968980851	458878.1349275839
19	27	436.881	111347.29081212188	505360.8961325919	479080.316968421
19	28	287.145	110676.52400000066	502316.55338480516	476194.2909625871
19	29	295.512	108664.223563637	493183.5251414451	467536.2129450855
19	30	289.655	106651.92312727336	484050.4968980851	458878.1349275839
20	1	899.980	107993.4567515158	490139.18239365844	464650.18693925167
20	2	522.881	107322.68993939458	487094.8396458718	461764.1609334178
20	3	495.025	110005.75718787944	499272.2106370185	473308.26495675324
20	4	389.960	107993.4567515158	490139.18239365844	464650.18693925167
20	5	508.164	107322.68993939458	487094.8396458718	461764.1609334178
20	6	943.045	112688.8244363643	511449.5816281652	484852.3689800887
20	7	769.062	108664.223563637	493183.5251414451	467536.2129450855
20	8	541.848	104639.62269090972	474917.46865472506	450220.05691008235
20	9	439.877	110005.75718787944	499272.2106370185	473308.26495675324
20	10	540.705	105981.15631515214	481006.1541502984	455992.10892175004
20	11	630.759	104639.62269090972	474917.46865472506	450220.05691008235
20	12	707.953	111347.29081212188	505360.8961325919	479080.316968421
20	13	469.480	109334.99037575822	496227.8678892318	470422.23895091936
20	14	497.969	111347.29081212188	505360.8961325919	479080.316968421
20	15	596.250	110676.52400000066	502316.55338480516	476194.2909625871
20	16	516.317	107322.68993939458	487094.8396458718	461764.1609334178
20	17	521.319	108664.223563637	493183.5251414451	467536.2129450855
20	18	559.341	102627.32225454606	465784.440411365	441561.9788925807
20	19	551.806	106651.92312727336	484050.4968980851	458878.1349275839
20	20	413.270	106651.92312727336	484050.4968980851	458878.1349275839
20	21	567.311	104639.62269090972	474917.46865472506	450220.05691008235
20	22	546.549	104639.62269090972	474917.46865472506	450220.05691008235
20	23	539.107	104639.62269090972	474917.46865472506	450220.05691008235
20	24	448.904	106651.92312727336	484050.4968980851	458878.1349275839
20	25	483.151	103298.08906666728	468828.7831591517	444448.0048984146
20	26	487.280	106651.92312727336	484050.4968980851	458878.1349275839
20	27	514.081	111347.29081212188	505360.8961325919	479080.316968421
20	28	462.412	110676.52400000066	502316.55338480516	476194.2909625871
20	29	466.151	108664.223563637	493183.5251414451	467536.2129450855
20	30	515.605	106651.92312727336	484050.4968980851	458878.1349275839
21	1	2476.429	107993.4567515158	490139.18239365844	464650.18693925167
21	2	2708.064	107322.68993939458	487094.8396458718	461764.1609334178
21	3	2723.280	110005.75718787944	499272.2106370185	473308.26495675324
21	4	2319.560	107993.4567515158	490139.18239365844	464650.18693925167
21	5	2616.046	107322.68993939458	487094.8396458718	461764.1609334178
21	6	2573.030	112688.8244363643	511449.5816281652	484852.3689800887
21	7	2612.189	108664.223563637	493183.5251414451	467536.2129450855
21	8	2663.765	104639.62269090972	474917.46865472506	450220.05691008235
21	9	2636.987	110005.75718787944	499272.2106370185	473308.26495675324
21	10	2572.879	105981.15631515214	481006.1541502984	455992.10892175004
21	11	2689.591	104639.62269090972	474917.46865472506	450220.05691008235
21	12	2571.284	111347.29081212188	505360.8961325919	479080.316968421
21	13	2568.813	109334.99037575822	496227.8678892318	470422.23895091936
21	14	2633.409	111347.29081212188	505360.8961325919	479080.316968421
21	15	2703.520	110676.52400000066	502316.55338480516	476194.2909625871
21	16	2694.775	107322.68993939458	487094.8396458718	461764.1609334178
21	17	2647.376	108664.223563637	493183.5251414451	467536.2129450855
21	18	2618.553	102627.32225454606	465784.440411365	441561.9788925807
21	19	2629.513	106651.92312727336	484050.4968980851	458878.1349275839
21	20	2636.186	106651.92312727336	484050.4968980851	458878.1349275839
21	21	2692.761	104639.62269090972	474917.46865472506	450220.05691008235
21	22	2636.410	104639.62269090972	474917.46865472506	450220.05691008235
21	23	2640.758	104639.62269090972	474917.46865472506	450220.05691008235
21	24	2665.931	106651.92312727336	484050.4968980851	458878.1349275839
21	25	2661.561	103298.08906666728	468828.7831591517	444448.0048984146
21	26	2666.564	106651.92312727336	484050.4968980851	458878.1349275839
21	27	2632.129	111347.29081212188	505360.8961325919	479080.316968421
21	28	2651.841	110676.52400000066	502316.55338480516	476194.2909625871
21	29	2665.060	108664.223563637	493183.5251414451	467536.2129450855
21	30	2657.941	106651.92312727336	484050.4968980851	458878.1349275839
22	1	539.516	107993.4567515158	490139.18239365844	464650.18693925167
22	2	540.203	107322.68993939458	487094.8396458718	461764.1609334178
22	3	595.977	110005.75718787944	499272.2106370185	473308.26495675324
22	4	718.464	107993.4567515158	490139.18239365844	464650.18693925167
22	5	488.043	107322.68993939458	487094.8396458718	461764.1609334178
22	6	615.397	112688.8244363643	511449.5816281652	484852.3689800887
22	7	730.299	108664.223563637	493183.5251414451	467536.2129450855
22	8	468.299	104639.62269090972	474917.46865472506	450220.05691008235
22	9	640.191	110005.75718787944	499272.2106370185	473308.26495675324
22	10	556.940	105981.15631515214	481006.1541502984	455992.10892175004
22	11	734.046	104639.62269090972	474917.46865472506	450220.05691008235
22	12	705.022	111347.29081212188	505360.8961325919	479080.316968421
22	13	525.658	109334.99037575822	496227.8678892318	470422.23895091936
22	14	608.846	111347.29081212188	505360.8961325919	479080.316968421
22	15	654.241	110676.52400000066	502316.55338480516	476194.2909625871
22	16	617.047	107322.68993939458	487094.8396458718	461764.1609334178
22	17	586.580	108664.223563637	493183.5251414451	467536.2129450855
22	18	514.944	102627.32225454606	465784.440411365	441561.9788925807
22	19	666.778	106651.92312727336	484050.4968980851	458878.1349275839
22	20	773.894	106651.92312727336	484050.4968980851	458878.1349275839
22	21	809.569	104639.62269090972	474917.46865472506	450220.05691008235
22	22	833.722	104639.62269090972	474917.46865472506	450220.05691008235
22	23	623.671	104639.62269090972	474917.46865472506	450220.05691008235
22	24	727.803	106651.92312727336	484050.4968980851	458878.1349275839
22	25	565.680	103298.08906666728	468828.7831591517	444448.0048984146
22	26	510.778	106651.92312727336	484050.4968980851	458878.1349275839
22	27	1109.342	111347.29081212188	505360.8961325919	479080.316968421
22	28	1493.897	110676.52400000066	502316.55338480516	476194.2909625871
22	29	581.982	108664.223563637	493183.5251414451	467536.2129450855
22	30	526.606	106651.92312727336	484050.4968980851	458878.1349275839
