Consulta	Iteracion	Manager	Worker1	Worker2	Worker3
1	1	11324726.257398596	83730199.42461321	40220574.75454012	49654196.652293675
1	2	10442103.707361486	77204464.45746571	37085877.68134372	45784265.25852977
1	3	9573059.965786487	70779125.4128897	33999406.7169661	41973871.27082377
1	4	7481923.462621642	55318153.33688339	26572585.958933946	32805110.737906206
1	5	7980944.673604162	59007703.491384864	28344895.4580098	34993110.41053426
1	6	8320414.885156897	61517601.55567159	29550548.178469565	36481545.56198192
1	7	7397055.909733459	54690678.82081171	26271172.778819002	32433001.950044293
1	8	8062417.524376818	59610079.02681368	28634252.110920146	35350334.846881695
1	9	8218573.821691076	60764632.13638557	29188852.362331636	36035015.01654762
1	10	6955744.634714904	51427811.337238975	24703824.242221307	30498036.25316234
2	1	11324726.257398596	83730199.42461321	40220574.75454012	49654196.652293675
2	2	10442103.707361486	77204464.45746571	37085877.68134372	45784265.25852977
2	3	9573059.965786487	70779125.4128897	33999406.7169661	41973871.27082377
2	4	7481923.462621642	55318153.33688339	26572585.958933946	32805110.737906206
2	5	7980944.673604162	59007703.491384864	28344895.4580098	34993110.41053426
2	6	8320414.885156897	61517601.55567159	29550548.178469565	36481545.56198192
2	7	7397055.909733459	54690678.82081171	26271172.778819002	32433001.950044293
2	8	8062417.524376818	59610079.02681368	28634252.110920146	35350334.846881695
2	9	8218573.821691076	60764632.13638557	29188852.362331636	36035015.01654762
2	10	6955744.634714904	51427811.337238975	24703824.242221307	30498036.25316234
3	1	11324726.257398596	83730199.42461321	40220574.75454012	49654196.652293675
3	2	10442103.707361486	77204464.45746571	37085877.68134372	45784265.25852977
3	3	9573059.965786487	70779125.4128897	33999406.7169661	41973871.27082377
3	4	7481923.462621642	55318153.33688339	26572585.958933946	32805110.737906206
3	5	7980944.673604162	59007703.491384864	28344895.4580098	34993110.41053426
3	6	8320414.885156897	61517601.55567159	29550548.178469565	36481545.56198192
3	7	7397055.909733459	54690678.82081171	26271172.778819002	32433001.950044293
3	8	8062417.524376818	59610079.02681368	28634252.110920146	35350334.846881695
3	9	8218573.821691076	60764632.13638557	29188852.362331636	36035015.01654762
3	10	6955744.634714904	51427811.337238975	24703824.242221307	30498036.25316234
4	1	11324726.257398596	83730199.42461321	40220574.75454012	49654196.652293675
4	2	10442103.707361486	77204464.45746571	37085877.68134372	45784265.25852977
4	3	9573059.965786487	70779125.4128897	33999406.7169661	41973871.27082377
4	4	7481923.462621642	55318153.33688339	26572585.958933946	32805110.737906206
4	5	7980944.673604162	59007703.491384864	28344895.4580098	34993110.41053426
4	6	8320414.885156897	61517601.55567159	29550548.178469565	36481545.56198192
4	7	7397055.909733459	54690678.82081171	26271172.778819002	32433001.950044293
4	8	8062417.524376818	59610079.02681368	28634252.110920146	35350334.846881695
4	9	8218573.821691076	60764632.13638557	29188852.362331636	36035015.01654762
4	10	6955744.634714904	51427811.337238975	24703824.242221307	30498036.25316234
5	1	11324726.257398596	83730199.42461321	40220574.75454012	49654196.652293675
5	2	10442103.707361486	77204464.45746571	37085877.68134372	45784265.25852977
5	3	9573059.965786487	70779125.4128897	33999406.7169661	41973871.27082377
5	4	7481923.462621642	55318153.33688339	26572585.958933946	32805110.737906206
5	5	7980944.673604162	59007703.491384864	28344895.4580098	34993110.41053426
5	6	8320414.885156897	61517601.55567159	29550548.178469565	36481545.56198192
5	7	7397055.909733459	54690678.82081171	26271172.778819002	32433001.950044293
5	8	8062417.524376818	59610079.02681368	28634252.110920146	35350334.846881695
5	9	8218573.821691076	60764632.13638557	29188852.362331636	36035015.01654762
5	10	6955744.634714904	51427811.337238975	24703824.242221307	30498036.25316234
6	1	11324726.257398596	83730199.42461321	40220574.75454012	49654196.652293675
6	2	10442103.707361486	77204464.45746571	37085877.68134372	45784265.25852977
6	3	9573059.965786487	70779125.4128897	33999406.7169661	41973871.27082377
6	4	7481923.462621642	55318153.33688339	26572585.958933946	32805110.737906206
6	5	7980944.673604162	59007703.491384864	28344895.4580098	34993110.41053426
6	6	8320414.885156897	61517601.55567159	29550548.178469565	36481545.56198192
6	7	7397055.909733459	54690678.82081171	26271172.778819002	32433001.950044293
6	8	8062417.524376818	59610079.02681368	28634252.110920146	35350334.846881695
6	9	8218573.821691076	60764632.13638557	29188852.362331636	36035015.01654762
6	10	6955744.634714904	51427811.337238975	24703824.242221307	30498036.25316234
7	1	11324726.257398596	83730199.42461321	40220574.75454012	49654196.652293675
7	2	10442103.707361486	77204464.45746571	37085877.68134372	45784265.25852977
7	3	9573059.965786487	70779125.4128897	33999406.7169661	41973871.27082377
7	4	7481923.462621642	55318153.33688339	26572585.958933946	32805110.737906206
7	5	7980944.673604162	59007703.491384864	28344895.4580098	34993110.41053426
7	6	8320414.885156897	61517601.55567159	29550548.178469565	36481545.56198192
7	7	7397055.909733459	54690678.82081171	26271172.778819002	32433001.950044293
7	8	8062417.524376818	59610079.02681368	28634252.110920146	35350334.846881695
7	9	8218573.821691076	60764632.13638557	29188852.362331636	36035015.01654762
7	10	6955744.634714904	51427811.337238975	24703824.242221307	30498036.25316234
8	1	11324726.257398596	83730199.42461321	40220574.75454012	49654196.652293675
8	2	10442103.707361486	77204464.45746571	37085877.68134372	45784265.25852977
8	3	9573059.965786487	70779125.4128897	33999406.7169661	41973871.27082377
8	4	7481923.462621642	55318153.33688339	26572585.958933946	32805110.737906206
8	5	7980944.673604162	59007703.491384864	28344895.4580098	34993110.41053426
8	6	8320414.885156897	61517601.55567159	29550548.178469565	36481545.56198192
8	7	7397055.909733459	54690678.82081171	26271172.778819002	32433001.950044293
8	8	8062417.524376818	59610079.02681368	28634252.110920146	35350334.846881695
8	9	8218573.821691076	60764632.13638557	29188852.362331636	36035015.01654762
8	10	6955744.634714904	51427811.337238975	24703824.242221307	30498036.25316234
9	1	11324726.257398596	83730199.42461321	40220574.75454012	49654196.652293675
9	2	10442103.707361486	77204464.45746571	37085877.68134372	45784265.25852977
9	3	9573059.965786487	70779125.4128897	33999406.7169661	41973871.27082377
9	4	7481923.462621642	55318153.33688339	26572585.958933946	32805110.737906206
9	5	7980944.673604162	59007703.491384864	28344895.4580098	34993110.41053426
9	6	8320414.885156897	61517601.55567159	29550548.178469565	36481545.56198192
9	7	7397055.909733459	54690678.82081171	26271172.778819002	32433001.950044293
9	8	8062417.524376818	59610079.02681368	28634252.110920146	35350334.846881695
9	9	8218573.821691076	60764632.13638557	29188852.362331636	36035015.01654762
9	10	6955744.634714904	51427811.337238975	24703824.242221307	30498036.25316234
10	1	11324726.257398596	83730199.42461321	40220574.75454012	49654196.652293675
10	2	10442103.707361486	77204464.45746571	37085877.68134372	45784265.25852977
10	3	9573059.965786487	70779125.4128897	33999406.7169661	41973871.27082377
10	4	7481923.462621642	55318153.33688339	26572585.958933946	32805110.737906206
10	5	7980944.673604162	59007703.491384864	28344895.4580098	34993110.41053426
10	6	8320414.885156897	61517601.55567159	29550548.178469565	36481545.56198192
10	7	7397055.909733459	54690678.82081171	26271172.778819002	32433001.950044293
10	8	8062417.524376818	59610079.02681368	28634252.110920146	35350334.846881695
10	9	8218573.821691076	60764632.13638557	29188852.362331636	36035015.01654762
10	10	6955744.634714904	51427811.337238975	24703824.242221307	30498036.25316234
11	1	11324726.257398596	83730199.42461321	40220574.75454012	49654196.652293675
11	2	10442103.707361486	77204464.45746571	37085877.68134372	45784265.25852977
11	3	9573059.965786487	70779125.4128897	33999406.7169661	41973871.27082377
11	4	7481923.462621642	55318153.33688339	26572585.958933946	32805110.737906206
11	5	7980944.673604162	59007703.491384864	28344895.4580098	34993110.41053426
11	6	8320414.885156897	61517601.55567159	29550548.178469565	36481545.56198192
11	7	7397055.909733459	54690678.82081171	26271172.778819002	32433001.950044293
11	8	8062417.524376818	59610079.02681368	28634252.110920146	35350334.846881695
11	9	8218573.821691076	60764632.13638557	29188852.362331636	36035015.01654762
11	10	6955744.634714904	51427811.337238975	24703824.242221307	30498036.25316234
12	1	11324726.257398596	83730199.42461321	40220574.75454012	49654196.652293675
12	2	10442103.707361486	77204464.45746571	37085877.68134372	45784265.25852977
12	3	9573059.965786487	70779125.4128897	33999406.7169661	41973871.27082377
12	4	7481923.462621642	55318153.33688339	26572585.958933946	32805110.737906206
12	5	7980944.673604162	59007703.491384864	28344895.4580098	34993110.41053426
12	6	8320414.885156897	61517601.55567159	29550548.178469565	36481545.56198192
12	7	7397055.909733459	54690678.82081171	26271172.778819002	32433001.950044293
12	8	8062417.524376818	59610079.02681368	28634252.110920146	35350334.846881695
12	9	8218573.821691076	60764632.13638557	29188852.362331636	36035015.01654762
12	10	6955744.634714904	51427811.337238975	24703824.242221307	30498036.25316234
13	1	11324726.257398596	83730199.42461321	40220574.75454012	49654196.652293675
13	2	10442103.707361486	77204464.45746571	37085877.68134372	45784265.25852977
13	3	9573059.965786487	70779125.4128897	33999406.7169661	41973871.27082377
13	4	7481923.462621642	55318153.33688339	26572585.958933946	32805110.737906206
13	5	7980944.673604162	59007703.491384864	28344895.4580098	34993110.41053426
13	6	8320414.885156897	61517601.55567159	29550548.178469565	36481545.56198192
13	7	7397055.909733459	54690678.82081171	26271172.778819002	32433001.950044293
13	8	8062417.524376818	59610079.02681368	28634252.110920146	35350334.846881695
13	9	8218573.821691076	60764632.13638557	29188852.362331636	36035015.01654762
13	10	6955744.634714904	51427811.337238975	24703824.242221307	30498036.25316234
14	1	11324726.257398596	83730199.42461321	40220574.75454012	49654196.652293675
14	2	10442103.707361486	77204464.45746571	37085877.68134372	45784265.25852977
14	3	9573059.965786487	70779125.4128897	33999406.7169661	41973871.27082377
14	4	7481923.462621642	55318153.33688339	26572585.958933946	32805110.737906206
14	5	7980944.673604162	59007703.491384864	28344895.4580098	34993110.41053426
14	6	8320414.885156897	61517601.55567159	29550548.178469565	36481545.56198192
14	7	7397055.909733459	54690678.82081171	26271172.778819002	32433001.950044293
14	8	8062417.524376818	59610079.02681368	28634252.110920146	35350334.846881695
14	9	8218573.821691076	60764632.13638557	29188852.362331636	36035015.01654762
14	10	6955744.634714904	51427811.337238975	24703824.242221307	30498036.25316234
15	1	11324726.257398596	83730199.42461321	40220574.75454012	49654196.652293675
15	2	10442103.707361486	77204464.45746571	37085877.68134372	45784265.25852977
15	3	9573059.965786487	70779125.4128897	33999406.7169661	41973871.27082377
15	4	7481923.462621642	55318153.33688339	26572585.958933946	32805110.737906206
15	5	7980944.673604162	59007703.491384864	28344895.4580098	34993110.41053426
15	6	8320414.885156897	61517601.55567159	29550548.178469565	36481545.56198192
15	7	7397055.909733459	54690678.82081171	26271172.778819002	32433001.950044293
15	8	8062417.524376818	59610079.02681368	28634252.110920146	35350334.846881695
15	9	8218573.821691076	60764632.13638557	29188852.362331636	36035015.01654762
15	10	6955744.634714904	51427811.337238975	24703824.242221307	30498036.25316234
16	1	11324726.257398596	83730199.42461321	40220574.75454012	49654196.652293675
16	2	10442103.707361486	77204464.45746571	37085877.68134372	45784265.25852977
16	3	9573059.965786487	70779125.4128897	33999406.7169661	41973871.27082377
16	4	7481923.462621642	55318153.33688339	26572585.958933946	32805110.737906206
16	5	7980944.673604162	59007703.491384864	28344895.4580098	34993110.41053426
16	6	8320414.885156897	61517601.55567159	29550548.178469565	36481545.56198192
16	7	7397055.909733459	54690678.82081171	26271172.778819002	32433001.950044293
16	8	8062417.524376818	59610079.02681368	28634252.110920146	35350334.846881695
16	9	8218573.821691076	60764632.13638557	29188852.362331636	36035015.01654762
16	10	6955744.634714904	51427811.337238975	24703824.242221307	30498036.25316234
17	1	11324726.257398596	83730199.42461321	40220574.75454012	49654196.652293675
17	2	10442103.707361486	77204464.45746571	37085877.68134372	45784265.25852977
17	3	9573059.965786487	70779125.4128897	33999406.7169661	41973871.27082377
17	4	7481923.462621642	55318153.33688339	26572585.958933946	32805110.737906206
17	5	7980944.673604162	59007703.491384864	28344895.4580098	34993110.41053426
17	6	8320414.885156897	61517601.55567159	29550548.178469565	36481545.56198192
17	7	7397055.909733459	54690678.82081171	26271172.778819002	32433001.950044293
17	8	8062417.524376818	59610079.02681368	28634252.110920146	35350334.846881695
17	9	8218573.821691076	60764632.13638557	29188852.362331636	36035015.01654762
17	10	6955744.634714904	51427811.337238975	24703824.242221307	30498036.25316234
18	1	11324726.257398596	83730199.42461321	40220574.75454012	49654196.652293675
18	2	10442103.707361486	77204464.45746571	37085877.68134372	45784265.25852977
18	3	9573059.965786487	70779125.4128897	33999406.7169661	41973871.27082377
18	4	7481923.462621642	55318153.33688339	26572585.958933946	32805110.737906206
18	5	7980944.673604162	59007703.491384864	28344895.4580098	34993110.41053426
18	6	8320414.885156897	61517601.55567159	29550548.178469565	36481545.56198192
18	7	7397055.909733459	54690678.82081171	26271172.778819002	32433001.950044293
18	8	8062417.524376818	59610079.02681368	28634252.110920146	35350334.846881695
18	9	8218573.821691076	60764632.13638557	29188852.362331636	36035015.01654762
18	10	6955744.634714904	51427811.337238975	24703824.242221307	30498036.25316234
19	1	11324726.257398596	83730199.42461321	40220574.75454012	49654196.652293675
19	2	10442103.707361486	77204464.45746571	37085877.68134372	45784265.25852977
19	3	9573059.965786487	70779125.4128897	33999406.7169661	41973871.27082377
19	4	7481923.462621642	55318153.33688339	26572585.958933946	32805110.737906206
19	5	7980944.673604162	59007703.491384864	28344895.4580098	34993110.41053426
19	6	8320414.885156897	61517601.55567159	29550548.178469565	36481545.56198192
19	7	7397055.909733459	54690678.82081171	26271172.778819002	32433001.950044293
19	8	8062417.524376818	59610079.02681368	28634252.110920146	35350334.846881695
19	9	8218573.821691076	60764632.13638557	29188852.362331636	36035015.01654762
19	10	6955744.634714904	51427811.337238975	24703824.242221307	30498036.25316234
20	1	11324726.257398596	83730199.42461321	40220574.75454012	49654196.652293675
20	2	10442103.707361486	77204464.45746571	37085877.68134372	45784265.25852977
20	3	9573059.965786487	70779125.4128897	33999406.7169661	41973871.27082377
20	4	7481923.462621642	55318153.33688339	26572585.958933946	32805110.737906206
20	5	7980944.673604162	59007703.491384864	28344895.4580098	34993110.41053426
20	6	8320414.885156897	61517601.55567159	29550548.178469565	36481545.56198192
20	7	7397055.909733459	54690678.82081171	26271172.778819002	32433001.950044293
20	8	8062417.524376818	59610079.02681368	28634252.110920146	35350334.846881695
20	9	8218573.821691076	60764632.13638557	29188852.362331636	36035015.01654762
20	10	6955744.634714904	51427811.337238975	24703824.242221307	30498036.25316234
21	1	11324726.257398596	83730199.42461321	40220574.75454012	49654196.652293675
21	2	10442103.707361486	77204464.45746571	37085877.68134372	45784265.25852977
21	3	9573059.965786487	70779125.4128897	33999406.7169661	41973871.27082377
21	4	7481923.462621642	55318153.33688339	26572585.958933946	32805110.737906206
21	5	7980944.673604162	59007703.491384864	28344895.4580098	34993110.41053426
21	6	8320414.885156897	61517601.55567159	29550548.178469565	36481545.56198192
21	7	7397055.909733459	54690678.82081171	26271172.778819002	32433001.950044293
21	8	8062417.524376818	59610079.02681368	28634252.110920146	35350334.846881695
21	9	8218573.821691076	60764632.13638557	29188852.362331636	36035015.01654762
21	10	6955744.634714904	51427811.337238975	24703824.242221307	30498036.25316234
22	1	11324726.257398596	83730199.42461321	40220574.75454012	49654196.652293675
22	2	10442103.707361486	77204464.45746571	37085877.68134372	45784265.25852977
22	3	9573059.965786487	70779125.4128897	33999406.7169661	41973871.27082377
22	4	7481923.462621642	55318153.33688339	26572585.958933946	32805110.737906206
22	5	7980944.673604162	59007703.491384864	28344895.4580098	34993110.41053426
22	6	8320414.885156897	61517601.55567159	29550548.178469565	36481545.56198192
22	7	7397055.909733459	54690678.82081171	26271172.778819002	32433001.950044293
22	8	8062417.524376818	59610079.02681368	28634252.110920146	35350334.846881695
22	9	8218573.821691076	60764632.13638557	29188852.362331636	36035015.01654762
22	10	6955744.634714904	51427811.337238975	24703824.242221307	30498036.25316234
