query,total_ms,prop_w1,prop_w2,prop_coord
Q1,46401.538,0.9956,0.0000,0.0044
Q1,124524.067,0.3952,0.0000,0.6048
Q1,50745.919,0.9980,0.0000,0.0020
Q1,59866.885,0.9962,0.0000,0.0038
Q1,65619.405,0.9969,0.0000,0.0031
Q1,45587.422,0.9957,0.0000,0.0043
Q1,51936.682,0.9973,0.0000,0.0027
Q1,53773.677,0.9961,0.0000,0.0039
Q1,56250.893,0.9964,0.0000,0.0036
Q1,55813.417,0.9965,0.0000,0.0035
Q2,2358.290,0.9235,0.0000,0.0765
Q2,589.354,0.5714,0.0000,0.4286
Q2,622.946,0.6788,0.0000,0.3212
Q2,603.187,0.6161,0.0000,0.3839
Q2,598.329,0.6726,0.0000,0.3274
Q2,598.515,0.6444,0.0000,0.3556
Q2,643.482,0.6231,0.0000,0.3769
Q2,640.026,0.6010,0.0000,0.3990
Q2,631.830,0.6239,0.0000,0.3761
Q2,632.063,0.6634,0.0000,0.3366
Q3,56083.684,0.0000,0.0000,1.0000
Q3,91744.629,0.0000,0.0000,1.0000
Q3,32648.915,0.0000,0.0000,1.0000
Q3,69891.251,0.0000,0.0000,1.0000
Q3,79171.563,0.0000,0.0000,1.0000
Q3,26234.431,0.0000,0.0000,1.0000
Q3,79468.210,0.0000,0.0000,1.0000
Q3,54707.102,0.0000,0.0000,1.0000
Q3,38302.759,0.0000,0.0000,1.0000
Q3,71037.844,0.0000,0.0000,1.0000
Q4,9072.369,0.8557,0.0000,0.1443
Q4,1616.289,0.8547,0.0000,0.1453
Q4,1665.013,0.8559,0.0000,0.1441
Q4,1800.540,0.8495,0.0000,0.1505
Q4,1785.736,0.7806,0.0000,0.2194
Q4,1777.612,0.7538,0.0000,0.2462
Q4,1772.790,0.7484,0.0000,0.2516
Q4,1770.064,0.8507,0.0000,0.1493
Q4,1771.035,0.8334,0.0000,0.1666
Q4,1761.168,0.7611,0.0000,0.2389
Q5,110446.172,0.0000,0.0000,1.0000
Q5,166556.422,0.0000,0.0000,1.0000
Q5,155763.376,0.0000,0.0000,1.0000
Q5,127830.049,0.0000,0.0000,1.0000
Q5,144881.874,0.0000,0.0000,1.0000
Q5,167737.347,0.0000,0.0000,1.0000
Q5,151460.300,0.0000,0.0000,1.0000
Q5,143138.214,0.0000,0.0000,1.0000
Q5,157328.523,0.0000,0.0000,1.0000
Q5,165890.029,0.0000,0.0000,1.0000
Q6,1406.045,0.6498,0.0000,0.3502
Q6,923.225,0.7070,0.0000,0.2930
Q6,1013.386,0.6771,0.0000,0.3229
Q6,962.168,0.6816,0.0000,0.3184
Q6,881.049,0.7746,0.0000,0.2254
Q6,927.213,0.7518,0.0000,0.2482
Q6,1010.931,0.6570,0.0000,0.3430
Q6,1029.140,0.7209,0.0000,0.2791
Q6,987.283,0.7554,0.0000,0.2446
Q6,1019.995,0.8044,0.0000,0.1956
Q7,61054.393,0.0000,0.0000,1.0000
Q7,20032.685,0.0000,0.0000,1.0000
Q7,18700.866,0.0000,0.0000,1.0000
Q7,19404.829,0.0000,0.0000,1.0000
Q7,18720.532,0.0000,0.0000,1.0000
Q7,19199.509,0.0000,0.0000,1.0000
Q7,18943.986,0.0000,0.0000,1.0000
Q7,18482.457,0.0000,0.0000,1.0000
Q7,19949.895,0.0000,0.0000,1.0000
Q7,19137.480,0.0000,0.0000,1.0000
Q8,352696.077,0.0000,0.0000,1.0000
Q8,364263.832,0.0000,0.0000,1.0000
Q8,317629.193,0.0000,0.0000,1.0000
Q8,274895.112,0.0000,0.0000,1.0000
Q8,326398.317,0.0000,0.0000,1.0000
Q8,359327.278,0.0000,0.0000,1.0000
Q8,357906.302,0.0000,0.0000,1.0000
Q8,305621.696,0.0000,0.0000,1.0000
Q8,355178.051,0.0000,0.0000,1.0000
Q8,327099.540,0.0000,0.0000,1.0000
Q9,1152409.502,0.0000,0.0000,1.0000
Q9,1268009.014,0.0000,0.0000,1.0000
Q9,1249377.621,0.0000,0.0000,1.0000
Q9,1236326.436,0.0000,0.0000,1.0000
Q9,1264616.547,0.0000,0.0000,1.0000
Q9,1211205.332,0.0000,0.0000,1.0000
Q9,1166373.247,0.0000,0.0000,1.0000
Q9,1216162.812,0.0000,0.0000,1.0000
Q9,1238299.320,0.0000,0.0000,1.0000
Q9,1147444.314,0.0000,0.0000,1.0000
Q10,25083.071,0.0000,0.0000,1.0000
Q10,22744.247,0.0000,0.0000,1.0000
Q10,21539.195,0.0000,0.0000,1.0000
Q10,24437.256,0.0000,0.0000,1.0000
Q10,24158.533,0.0000,0.0000,1.0000
Q10,24404.629,0.0000,0.0000,1.0000
Q10,22908.007,0.0000,0.0000,1.0000
Q10,23409.269,0.0000,0.0000,1.0000
Q10,24845.698,0.0000,0.0000,1.0000
Q10,23041.345,0.0000,0.0000,1.0000
Q11,1608.349,0.2314,0.0000,0.7686
Q11,879.821,0.4459,0.0000,0.5541
Q11,803.135,0.4142,0.0000,0.5858
Q11,923.699,0.4471,0.0000,0.5529
Q11,923.014,0.3830,0.0000,0.6170
Q11,946.748,0.4380,0.0000,0.5620
Q11,933.330,0.3945,0.0000,0.6055
Q11,810.833,0.4120,0.0000,0.5880
Q11,818.283,0.3812,0.0000,0.6188
Q11,881.559,0.3766,0.0000,0.6234
Q12,5257.954,0.7965,0.0000,0.2035
Q12,1595.516,0.8415,0.0000,0.1585
Q12,1802.738,0.7341,0.0000,0.2659
Q12,1773.831,0.8638,0.0000,0.1362
Q12,1756.614,0.8710,0.0000,0.1290
Q12,1753.596,0.7721,0.0000,0.2279
Q12,1755.039,0.8490,0.0000,0.1510
Q12,1762.988,0.8746,0.0000,0.1254
Q12,1772.523,0.7869,0.0000,0.2131
Q12,1763.887,0.8635,0.0000,0.1365
Q13,8724.675,0.8979,0.0000,0.1021
Q13,10978.902,0.7144,0.0000,0.2856
Q13,12485.218,0.6204,0.0000,0.3796
Q13,11675.788,0.6634,0.0000,0.3366
Q13,10943.142,0.7080,0.0000,0.2920
Q13,11162.249,0.6905,0.0000,0.3095
Q13,12249.442,0.9789,0.0000,0.0211
Q13,11856.168,0.9733,0.0000,0.0267
Q13,12207.045,0.6480,0.0000,0.3520
Q13,11196.927,0.6944,0.0000,0.3056
Q14,15167.368,0.0000,0.0000,1.0000
Q14,7868.704,0.0000,0.0000,1.0000
Q14,8021.492,0.0000,0.0000,1.0000
Q14,9921.931,0.0000,0.0000,1.0000
Q14,10419.050,0.0000,0.0000,1.0000
Q14,9329.871,0.0000,0.0000,1.0000
Q14,8255.608,0.0000,0.0000,1.0000
Q14,8829.397,0.0000,0.0000,1.0000
Q14,8710.496,0.0000,0.0000,1.0000
Q14,9649.024,0.0000,0.0000,1.0000
Q15,17208.356,0.1054,0.0000,0.8946
Q15,18308.551,0.0961,0.0000,0.9039
Q15,18176.350,0.1006,0.0000,0.8994
Q15,16593.825,0.1041,0.0000,0.8959
Q15,16713.957,0.1087,0.0000,0.8913
Q15,16572.642,0.1064,0.0000,0.8936
Q15,16509.783,0.1076,0.0000,0.8924
Q15,16946.884,0.1088,0.0000,0.8912
Q15,17273.982,0.1040,0.0000,0.8960
Q15,16732.541,0.1075,0.0000,0.8925
Q16,20667.916,0.1296,0.0000,0.8704
Q16,19695.673,0.1359,0.0000,0.8641
Q16,19893.404,0.1349,0.0000,0.8651
Q16,19639.913,0.1358,0.0000,0.8642
Q16,19819.762,0.1353,0.0000,0.8647
Q16,19885.379,0.1347,0.0000,0.8653
Q16,20397.728,0.1355,0.0000,0.8645
Q16,19993.828,0.1332,0.0000,0.8668
Q16,20112.836,0.1351,0.0000,0.8649
Q16,19611.639,0.1371,0.0000,0.8629
Q17,683.980,0.3875,0.0000,0.6125
Q17,225.053,0.0879,0.0000,0.9121
Q17,298.285,0.1051,0.0000,0.8949
Q17,263.678,0.1745,0.0000,0.8255
Q17,284.624,0.1055,0.0000,0.8945
Q17,258.627,0.1947,0.0000,0.8053
Q17,235.408,0.1624,0.0000,0.8376
Q17,239.120,0.1461,0.0000,0.8539
Q17,286.340,0.1088,0.0000,0.8912
Q17,237.018,0.1975,0.0000,0.8025
Q18,2443.981,0.9077,0.0000,0.0923
Q18,2562.764,0.9441,0.0000,0.0559
Q18,2270.495,0.9183,0.0000,0.0817
Q18,2468.166,0.9115,0.0000,0.0885
Q18,2609.985,0.9440,0.0000,0.0560
Q18,2282.873,0.9338,0.0000,0.0662
Q18,2480.391,0.9274,0.0000,0.0726
Q18,2640.517,0.9362,0.0000,0.0638
Q18,2648.592,0.9336,0.0000,0.0664
Q18,2629.760,0.9179,0.0000,0.0821
Q19,42100.096,0.0000,0.0000,1.0000
Q19,46344.267,0.0000,0.0000,1.0000
Q19,40349.803,0.0000,0.0000,1.0000
Q19,40350.794,0.0000,0.0000,1.0000
Q19,53476.550,0.0000,0.0000,1.0000
Q19,56959.762,0.0000,0.0000,1.0000
Q19,41470.275,0.0000,0.0000,1.0000
Q19,43539.969,0.0000,0.0000,1.0000
Q19,40426.864,0.0000,0.0000,1.0000
Q19,51445.958,0.0000,0.0000,1.0000
Q20,5098.223,0.0546,0.0000,0.9454
Q20,1074.573,0.2302,0.0000,0.7698
Q20,1110.115,0.2340,0.0000,0.7660
Q20,1253.249,0.2055,0.0000,0.7945
Q20,1169.432,0.1953,0.0000,0.8047
Q20,1107.244,0.2391,0.0000,0.7609
Q20,1230.255,0.1800,0.0000,0.8200
Q20,1138.158,0.2375,0.0000,0.7625
Q20,1083.814,0.2282,0.0000,0.7718
Q20,1353.342,0.1774,0.0000,0.8226
Q21,38989.940,0.9941,0.0000,0.0059
Q21,37690.500,0.9435,0.0000,0.0565
Q21,42761.516,0.9929,0.0000,0.0071
Q21,39225.076,0.9954,0.0000,0.0046
Q21,42416.287,0.9949,0.0000,0.0051
Q21,37598.229,0.9428,0.0000,0.0572
Q21,39144.221,0.9946,0.0000,0.0054
Q21,36220.510,0.9816,0.0000,0.0184
Q21,42640.153,0.9944,0.0000,0.0056
Q21,38916.967,0.9936,0.0000,0.0064
Q22,6533.809,0.2819,0.0000,0.7181
Q22,2675.798,0.7278,0.0000,0.2722
Q22,2850.076,0.7385,0.0000,0.2615
Q22,2877.911,0.7295,0.0000,0.2705
Q22,2882.985,0.7313,0.0000,0.2687
Q22,2849.003,0.7357,0.0000,0.2643
Q22,2866.820,0.7417,0.0000,0.2583
Q22,2862.457,0.7362,0.0000,0.2638
Q22,2829.410,0.7426,0.0000,0.2574
Q22,2885.815,0.7470,0.0000,0.2530
